{"textures":{"0":"modelengine:entity/pet_warrior"},"elements":[{"from":[7.7202125,7.1099367,2.0476184],"to":[8.86307,9.395651,4.333333],"rotation":{"angle":22.5,"axis":"z","origin":[8.148784,7.1099367,7.1904764]},"faces":{"east":{"uv":[12.5,9.25,11.5,10.25],"rotation":0,"texture":"#0","tintindex":0},"south":{"uv":[11.25,13.75,10.75,14.75],"rotation":0,"texture":"#0","tintindex":0},"north":{"uv":[10.5,13.75,10.0,14.75],"rotation":0,"texture":"#0","tintindex":0},"west":{"uv":[11.5,9.25,12.5,10.25],"rotation":0,"texture":"#0","tintindex":0},"up":{"uv":[11.5,14.75,12.0,13.75],"rotation":0,"texture":"#0","tintindex":0},"down":{"uv":[12.25,13.75,12.75,14.75],"rotation":0,"texture":"#0","tintindex":0}}},{"from":[8.005927,5.395651,2.0476184],"to":[8.577355,7.1099367,4.333333],"rotation":{"angle":22.5,"axis":"z","origin":[8.148784,7.1099367,7.1904764]},"faces":{"east":{"uv":[13.5,6.5,12.5,7.25],"rotation":0,"texture":"#0","tintindex":0},"south":{"uv":[14.75,11.25,14.5,12.0],"rotation":0,"texture":"#0","tintindex":0},"north":{"uv":[4.75,14.5,4.5,15.25],"rotation":0,"texture":"#0","tintindex":0},"west":{"uv":[12.5,6.5,13.5,7.25],"rotation":0,"texture":"#0","tintindex":0},"up":{"uv":[2.5,7.0,2.75,6.0],"rotation":0,"texture":"#0","tintindex":0},"down":{"uv":[2.5,14.0,2.75,15.0],"rotation":0,"texture":"#0","tintindex":0}}},{"from":[8.005927,5.395651,4.333333],"to":[8.577355,6.5385084,5.4761906],"rotation":{"angle":22.5,"axis":"z","origin":[8.148784,7.1099367,7.1904764]},"faces":{"east":{"uv":[3.5,14.5,3.0,15.0],"rotation":0,"texture":"#0","tintindex":0},"south":{"uv":[15.0,4.0,14.75,4.5],"rotation":0,"texture":"#0","tintindex":0},"north":{"uv":[2.75,7.25,2.5,7.75],"rotation":0,"texture":"#0","tintindex":0},"west":{"uv":[3.0,14.5,3.5,15.0],"rotation":0,"texture":"#0","tintindex":0},"up":{"uv":[5.75,15.25,6.0,14.75],"rotation":0,"texture":"#0","tintindex":0},"down":{"uv":[6.25,14.75,6.5,15.25],"rotation":0,"texture":"#0","tintindex":0}}},{"from":[7.7202125,7.395651,4.333333],"to":[8.86307,8.538508,6.047619],"rotation":{"angle":22.5,"axis":"z","origin":[8.148784,7.1099367,7.1904764]},"faces":{"east":{"uv":[13.75,13.75,13.0,14.25],"rotation":0,"texture":"#0","tintindex":0},"south":{"uv":[15.0,10.5,14.5,11.0],"rotation":0,"texture":"#0","tintindex":0},"north":{"uv":[15.0,8.75,14.5,9.25],"rotation":0,"texture":"#0","tintindex":0},"west":{"uv":[13.0,13.75,13.75,14.25],"rotation":0,"texture":"#0","tintindex":0},"up":{"uv":[1.0,14.75,1.5,14.0],"rotation":0,"texture":"#0","tintindex":0},"down":{"uv":[1.75,14.0,2.25,14.75],"rotation":0,"texture":"#0","tintindex":0}}},{"from":[7.8630695,7.5385084,4.333333],"to":[8.720213,8.395651,10.619048],"rotation":{"angle":22.5,"axis":"z","origin":[8.148784,7.1099367,7.1904764]},"faces":{"east":{"uv":[12.5,10.75,9.75,11.25],"rotation":0,"texture":"#0","tintindex":0},"south":{"uv":[6.5,12.0,6.0,12.5],"rotation":0,"texture":"#0","tintindex":0},"north":{"uv":[2.25,9.75,1.75,10.25],"rotation":0,"texture":"#0","tintindex":0},"west":{"uv":[9.75,10.75,12.5,11.25],"rotation":0,"texture":"#0","tintindex":0},"up":{"uv":[3.5,13.25,4.0,10.5],"rotation":0,"texture":"#0","tintindex":0},"down":{"uv":[4.25,10.5,4.75,13.25],"rotation":0,"texture":"#0","tintindex":0}}},{"from":[7.7202125,7.395651,10.619048],"to":[8.86307,8.538508,11.761905],"rotation":{"angle":22.5,"axis":"z","origin":[8.148784,7.1099367,7.1904764]},"faces":{"east":{"uv":[15.0,6.5,14.5,7.0],"rotation":0,"texture":"#0","tintindex":0},"south":{"uv":[15.0,5.75,14.5,6.25],"rotation":0,"texture":"#0","tintindex":0},"north":{"uv":[4.25,14.5,3.75,15.0],"rotation":0,"texture":"#0","tintindex":0},"west":{"uv":[15.0,5.0,14.5,5.5],"rotation":0,"texture":"#0","tintindex":0},"up":{"uv":[14.5,7.75,15.0,7.25],"rotation":0,"texture":"#0","tintindex":0},"down":{"uv":[14.5,8.0,15.0,8.5],"rotation":0,"texture":"#0","tintindex":0}}}],"display":{"head":{"translation":[0.0,-6.4,0.0],"scale":[4.0,4.0,4.0]}}}