{"textures":{"0":"modelengine:entity/pet_dragon_warrior"},"elements":[{"from":[7.4226446,7.5385084,2.9047613],"to":[8.279787,8.395651,12.619047],"rotation":{"angle":-22.5,"axis":"z","origin":[7.8512163,7.9670796,8.047619]},"faces":{"east":{"uv":[5.625,2.375,7.75,2.625],"rotation":0,"texture":"#0","tintindex":0},"south":{"uv":[5.25,4.375,5.0,4.625],"rotation":0,"texture":"#0","tintindex":0},"north":{"uv":[1.5,3.0,1.25,3.25],"rotation":0,"texture":"#0","tintindex":0},"west":{"uv":[7.75,2.375,5.625,2.625],"rotation":0,"texture":"#0","tintindex":0},"up":{"uv":[4.0,7.75,4.25,5.625],"rotation":0,"texture":"#0","tintindex":0},"down":{"uv":[4.375,5.625,4.625,7.75],"rotation":0,"texture":"#0","tintindex":0}}},{"from":[7.8512163,5.9670796,-1.666667],"to":[7.8512163,9.96708,4.6190476],"rotation":{"angle":-22.5,"axis":"z","origin":[7.8512163,7.9670796,8.047619]},"faces":{"east":{"uv":[4.125,2.5,5.5,3.375],"rotation":0,"texture":"#0","tintindex":0},"south":{"uv":[0.125,7.375,0.125,8.25],"rotation":0,"texture":"#0","tintindex":0},"north":{"uv":[7.375,0.0,7.375,0.875],"rotation":0,"texture":"#0","tintindex":0},"west":{"uv":[5.5,2.5,4.125,3.375],"rotation":0,"texture":"#0","tintindex":0},"up":{"uv":[0.25,8.75,0.25,7.375],"rotation":0,"texture":"#0","tintindex":0},"down":{"uv":[0.375,7.375,0.375,8.75],"rotation":0,"texture":"#0","tintindex":0}}},{"from":[7.8512163,6.5385084,10.904762],"to":[7.8512163,9.395651,14.333334],"rotation":{"angle":-22.5,"axis":"z","origin":[7.8512163,7.9670796,8.047619]},"faces":{"east":{"uv":[2.5,5.75,3.25,6.375],"rotation":0,"texture":"#0","tintindex":0},"south":{"uv":[6.25,7.25,6.25,7.875],"rotation":0,"texture":"#0","tintindex":0},"north":{"uv":[6.125,7.25,6.125,7.875],"rotation":0,"texture":"#0","tintindex":0},"west":{"uv":[3.25,5.75,2.5,6.375],"rotation":0,"texture":"#0","tintindex":0},"up":{"uv":[6.375,8.0,6.375,7.25],"rotation":0,"texture":"#0","tintindex":0},"down":{"uv":[0.0,7.375,0.0,8.125],"rotation":0,"texture":"#0","tintindex":0}}}],"display":{"head":{"translation":[0.0,-6.4,0.0],"scale":[4.0,4.0,4.0]}}}