{"textures":{"0":"modelengine:entity/pet_archangel_slime"},"elements":[{"from":[6.8869367,6.1636977,-0.5208626],"to":[6.8869367,8.449412,5.7648525],"rotation":{"angle":-22.5,"axis":"z","origin":[6.8869367,7.0208406,8.050567]},"faces":{"east":{"uv":[10.25,0.0,7.5,1.0],"rotation":0,"texture":"#0","tintindex":0},"south":{"uv":[12.5,13.0,12.5,14.0],"rotation":0,"texture":"#0","tintindex":0},"north":{"uv":[12.25,13.0,12.25,14.0],"rotation":0,"texture":"#0","tintindex":0},"west":{"uv":[7.5,0.0,10.25,1.0],"rotation":0,"texture":"#0","tintindex":0},"up":{"uv":[12.75,15.75,12.75,13.0],"rotation":0,"texture":"#0","tintindex":0},"down":{"uv":[0.0,13.25,0.0,16.0],"rotation":0,"texture":"#0","tintindex":0}}},{"from":[6.315508,6.1636977,5.7648525],"to":[7.4583654,8.449412,6.9077096],"rotation":{"angle":-22.5,"axis":"z","origin":[6.8869367,7.0208406,8.050567]},"faces":{"east":{"uv":[6.75,12.5,7.25,13.5],"rotation":0,"texture":"#0","tintindex":0},"south":{"uv":[7.5,12.5,8.0,13.5],"rotation":0,"texture":"#0","tintindex":0},"north":{"uv":[12.25,11.75,12.75,12.75],"rotation":0,"texture":"#0","tintindex":0},"west":{"uv":[8.25,12.5,8.75,13.5],"rotation":0,"texture":"#0","tintindex":0},"up":{"uv":[12.0,13.25,11.5,12.75],"rotation":0,"texture":"#0","tintindex":0},"down":{"uv":[13.5,0.5,13.0,1.0],"rotation":0,"texture":"#0","tintindex":0}}},{"from":[6.8869367,4.4494123,5.1934233],"to":[6.8869367,10.163698,7.479138],"rotation":{"angle":-22.5,"axis":"z","origin":[6.8869367,7.0208406,8.050567]},"faces":{"east":{"uv":[4.0,7.5,3.0,10.0],"rotation":0,"texture":"#0","tintindex":0},"south":{"uv":[3.25,13.5,3.25,16.0],"rotation":0,"texture":"#0","tintindex":0},"north":{"uv":[3.0,13.5,3.0,16.0],"rotation":0,"texture":"#0","tintindex":0},"west":{"uv":[3.0,7.5,4.0,10.0],"rotation":0,"texture":"#0","tintindex":0},"up":{"uv":[3.5,14.5,3.5,13.5],"rotation":0,"texture":"#0","tintindex":0},"down":{"uv":[3.75,13.5,3.75,14.5],"rotation":0,"texture":"#0","tintindex":0}}},{"from":[6.0297937,6.449412,7.1934237],"to":[7.7440796,8.7351265,8.907709],"rotation":{"angle":-22.5,"axis":"z","origin":[6.8869367,7.0208406,8.050567]},"faces":{"east":{"uv":[10.25,10.5,11.0,11.5],"rotation":0,"texture":"#0","tintindex":0},"south":{"uv":[4.0,10.75,4.75,11.75],"rotation":0,"texture":"#0","tintindex":0},"north":{"uv":[3.0,10.25,3.75,11.25],"rotation":0,"texture":"#0","tintindex":0},"west":{"uv":[5.0,10.75,5.75,11.75],"rotation":0,"texture":"#0","tintindex":0},"up":{"uv":[12.75,1.5,12.0,0.75],"rotation":0,"texture":"#0","tintindex":0},"down":{"uv":[12.75,1.75,12.0,2.5],"rotation":0,"texture":"#0","tintindex":0}}},{"from":[5.7440796,7.5922694,6.9077096],"to":[7.4583654,9.306555,9.193424],"rotation":{"angle":-22.5,"axis":"z","origin":[6.8869367,7.0208406,8.050567]},"faces":{"east":{"uv":[7.5,4.0,8.5,4.75],"rotation":0,"texture":"#0","tintindex":0},"south":{"uv":[5.0,12.0,5.75,12.75],"rotation":0,"texture":"#0","tintindex":0},"north":{"uv":[4.0,12.0,4.75,12.75],"rotation":0,"texture":"#0","tintindex":0},"west":{"uv":[0.0,11.0,1.0,11.75],"rotation":0,"texture":"#0","tintindex":0},"up":{"uv":[11.75,1.75,11.0,0.75],"rotation":0,"texture":"#0","tintindex":0},"down":{"uv":[2.0,11.0,1.25,12.0],"rotation":0,"texture":"#0","tintindex":0}}},{"from":[4.199597,8.183646,8.050567],"to":[7.628168,11.04079,8.050567],"rotation":{"angle":0.0,"axis":"y","origin":[5.9138823,9.897932,8.050567]},"faces":{"east":{"uv":[10.0,13.5,10.0,14.75],"rotation":0,"texture":"#0","tintindex":0},"south":{"uv":[11.0,5.25,9.5,6.5],"rotation":0,"texture":"#0","tintindex":0},"north":{"uv":[9.5,5.25,11.0,6.5],"rotation":0,"texture":"#0","tintindex":0},"west":{"uv":[10.25,13.5,10.25,14.75],"rotation":0,"texture":"#0","tintindex":0},"up":{"uv":[15.0,8.0,13.5,8.0],"rotation":0,"texture":"#0","tintindex":0},"down":{"uv":[12.0,13.5,10.5,13.5],"rotation":0,"texture":"#0","tintindex":0}}},{"from":[6.315508,6.7351265,6.9077096],"to":[7.4583654,7.8779836,9.193424],"rotation":{"angle":-22.5,"axis":"z","origin":[6.8869367,7.0208406,8.050567]},"faces":{"east":{"uv":[10.5,9.0,11.5,9.5],"rotation":0,"texture":"#0","tintindex":0},"south":{"uv":[10.75,12.75,11.25,13.25],"rotation":0,"texture":"#0","tintindex":0},"north":{"uv":[10.0,12.75,10.5,13.25],"rotation":0,"texture":"#0","tintindex":0},"west":{"uv":[11.75,9.0,12.75,9.5],"rotation":0,"texture":"#0","tintindex":0},"up":{"uv":[4.75,8.5,4.25,7.5],"rotation":0,"texture":"#0","tintindex":0},"down":{"uv":[12.75,10.5,12.25,11.5],"rotation":0,"texture":"#0","tintindex":0}}}],"display":{"head":{"translation":[0.0,-6.4,0.0],"scale":[4.0,4.0,4.0]}}}