{"textures":{"0":"modelengine:entity/pet_reaper"},"elements":[{"from":[5.4142857,6.021197,5.7472525],"to":[10.557143,11.164054,10.89011],"rotation":{"angle":0.0,"axis":"y","origin":[10.1285715,7.164054,10.318682]},"faces":{"east":{"uv":[4.125,1.25,5.25,2.375],"rotation":0,"texture":"#0","tintindex":0},"south":{"uv":[1.375,4.125,2.5,5.25],"rotation":0,"texture":"#0","tintindex":0},"north":{"uv":[4.125,0.0,5.25,1.125],"rotation":0,"texture":"#0","tintindex":0},"west":{"uv":[4.125,2.5,5.25,3.625],"rotation":0,"texture":"#0","tintindex":0},"up":{"uv":[3.75,5.25,2.625,4.125],"rotation":0,"texture":"#0","tintindex":0},"down":{"uv":[5.25,3.75,4.125,4.875],"rotation":0,"texture":"#0","tintindex":0}}},{"from":[10.842857,5.735482,5.4615383],"to":[10.842857,11.449768,11.175824],"rotation":{"angle":0.0,"axis":"y","origin":[10.1285715,7.164054,10.318682]},"faces":{"east":{"uv":[0.0,0.0,1.25,1.25],"rotation":0,"texture":"#0","tintindex":0},"south":{"uv":[8.0,7.5,8.0,8.75],"rotation":0,"texture":"#0","tintindex":0},"north":{"uv":[8.0,0.375,8.0,1.625],"rotation":0,"texture":"#0","tintindex":0},"west":{"uv":[0.0,1.375,1.25,2.625],"rotation":0,"texture":"#0","tintindex":0},"up":{"uv":[8.125,1.625,8.125,0.375],"rotation":0,"texture":"#0","tintindex":0},"down":{"uv":[1.5,8.125,1.5,9.375],"rotation":0,"texture":"#0","tintindex":0}}},{"from":[5.1285715,5.735482,5.4615383],"to":[5.1285715,11.449768,11.175824],"rotation":{"angle":0.0,"axis":"y","origin":[5.842857,7.164054,10.318682]},"faces":{"east":{"uv":[2.75,2.75,4.0,4.0],"rotation":0,"texture":"#0","tintindex":0},"south":{"uv":[2.25,8.125,2.25,9.375],"rotation":0,"texture":"#0","tintindex":0},"north":{"uv":[2.125,8.125,2.125,9.375],"rotation":0,"texture":"#0","tintindex":0},"west":{"uv":[0.0,4.125,1.25,5.375],"rotation":0,"texture":"#0","tintindex":0},"up":{"uv":[2.375,9.375,2.375,8.125],"rotation":0,"texture":"#0","tintindex":0},"down":{"uv":[3.625,8.125,3.625,9.375],"rotation":0,"texture":"#0","tintindex":0}}},{"from":[5.1285715,5.735482,5.4615383],"to":[10.842857,11.449768,5.4615383],"rotation":{"angle":0.0,"axis":"y","origin":[9.7,7.164054,10.318682]},"faces":{"east":{"uv":[1.625,8.125,1.625,9.375],"rotation":0,"texture":"#0","tintindex":0},"south":{"uv":[1.375,1.375,2.625,2.625],"rotation":0,"texture":"#0","tintindex":0},"north":{"uv":[1.375,0.0,2.625,1.25],"rotation":0,"texture":"#0","tintindex":0},"west":{"uv":[1.75,8.125,1.75,9.375],"rotation":0,"texture":"#0","tintindex":0},"up":{"uv":[9.125,6.125,7.875,6.125],"rotation":0,"texture":"#0","tintindex":0},"down":{"uv":[9.25,1.75,8.0,1.75],"rotation":0,"texture":"#0","tintindex":0}}},{"from":[11.279682,5.735482,5.3747625],"to":[11.279682,11.449768,9.946191],"rotation":{"angle":22.5,"axis":"y","origin":[11.279682,8.592626,6.517619]},"faces":{"east":{"uv":[5.375,0.0,6.375,1.25],"rotation":0,"texture":"#0","tintindex":0},"south":{"uv":[4.625,8.125,4.625,9.375],"rotation":0,"texture":"#0","tintindex":0},"north":{"uv":[4.5,8.125,4.5,9.375],"rotation":0,"texture":"#0","tintindex":0},"west":{"uv":[1.375,5.375,2.375,6.625],"rotation":0,"texture":"#0","tintindex":0},"up":{"uv":[4.75,9.125,4.75,8.125],"rotation":0,"texture":"#0","tintindex":0},"down":{"uv":[4.875,8.125,4.875,9.125],"rotation":0,"texture":"#0","tintindex":0}}},{"from":[5.1285715,5.735482,11.175824],"to":[10.842857,11.449768,11.175824],"rotation":{"angle":0.0,"axis":"y","origin":[9.7,7.164054,6.4615383]},"faces":{"east":{"uv":[1.875,8.125,1.875,9.375],"rotation":0,"texture":"#0","tintindex":0},"south":{"uv":[2.75,0.0,4.0,1.25],"rotation":0,"texture":"#0","tintindex":0},"north":{"uv":[0.0,2.75,1.25,4.0],"rotation":0,"texture":"#0","tintindex":0},"west":{"uv":[2.0,8.125,2.0,9.375],"rotation":0,"texture":"#0","tintindex":0},"up":{"uv":[9.25,1.875,8.0,1.875],"rotation":0,"texture":"#0","tintindex":0},"down":{"uv":[9.25,6.25,8.0,6.25],"rotation":0,"texture":"#0","tintindex":0}}},{"from":[5.1285715,11.449768,5.4615383],"to":[10.842857,11.449768,11.175824],"rotation":{"angle":0.0,"axis":"y","origin":[9.7,7.164054,6.4615383]},"faces":{"east":{"uv":[8.0,6.5,9.25,6.5],"rotation":0,"texture":"#0","tintindex":0},"south":{"uv":[8.0,6.625,9.25,6.625],"rotation":0,"texture":"#0","tintindex":0},"north":{"uv":[8.0,6.375,9.25,6.375],"rotation":0,"texture":"#0","tintindex":0},"west":{"uv":[8.0,6.75,9.25,6.75],"rotation":0,"texture":"#0","tintindex":0},"up":{"uv":[2.625,4.0,1.375,2.75],"rotation":0,"texture":"#0","tintindex":0},"down":{"uv":[4.0,1.375,2.75,2.625],"rotation":0,"texture":"#0","tintindex":0}}},{"from":[4.6917467,5.735482,5.3747625],"to":[4.6917467,11.449768,9.946191],"rotation":{"angle":-22.5,"axis":"y","origin":[4.6917467,8.592626,6.517619]},"faces":{"east":{"uv":[5.375,1.375,6.375,2.625],"rotation":0,"texture":"#0","tintindex":0},"south":{"uv":[8.125,7.125,8.125,8.375],"rotation":0,"texture":"#0","tintindex":0},"north":{"uv":[5.0,8.125,5.0,9.375],"rotation":0,"texture":"#0","tintindex":0},"west":{"uv":[2.5,5.375,3.5,6.625],"rotation":0,"texture":"#0","tintindex":0},"up":{"uv":[8.25,1.0,8.25,0.0],"rotation":0,"texture":"#0","tintindex":0},"down":{"uv":[8.25,2.0,8.25,3.0],"rotation":0,"texture":"#0","tintindex":0}}},{"from":[4.4913425,11.023951,7.6043954],"to":[6.777057,12.738236,9.318682],"rotation":{"angle":-45.0,"axis":"z","origin":[5.0627713,11.881093,8.461538]},"faces":{"east":{"uv":[7.375,3.25,7.75,3.625],"rotation":0,"texture":"#0","tintindex":0},"south":{"uv":[6.5,0.5,7.0,0.875],"rotation":0,"texture":"#0","tintindex":0},"north":{"uv":[6.5,0.0,7.0,0.375],"rotation":0,"texture":"#0","tintindex":0},"west":{"uv":[7.375,3.75,7.75,4.125],"rotation":0,"texture":"#0","tintindex":0},"up":{"uv":[7.0,1.375,6.5,1.0],"rotation":0,"texture":"#0","tintindex":0},"down":{"uv":[7.0,1.5,6.5,1.875],"rotation":0,"texture":"#0","tintindex":0}}},{"from":[4.8750987,12.354481,7.89011],"to":[6.017956,15.211623,9.032967],"rotation":{"angle":-22.5,"axis":"z","origin":[3.4465275,13.497337,8.461538]},"faces":{"east":{"uv":[5.0,7.0,5.25,7.625],"rotation":0,"texture":"#0","tintindex":0},"south":{"uv":[7.125,0.0,7.375,0.625],"rotation":0,"texture":"#0","tintindex":0},"north":{"uv":[4.625,7.0,4.875,7.625],"rotation":0,"texture":"#0","tintindex":0},"west":{"uv":[0.75,7.125,1.0,7.75],"rotation":0,"texture":"#0","tintindex":0},"up":{"uv":[8.125,3.625,7.875,3.375],"rotation":0,"texture":"#0","tintindex":0},"down":{"uv":[8.125,3.75,7.875,4.0],"rotation":0,"texture":"#0","tintindex":0}}},{"from":[9.194371,11.023951,7.6043954],"to":[11.480085,12.738236,9.318682],"rotation":{"angle":45.0,"axis":"z","origin":[10.908657,11.881093,8.461538]},"faces":{"east":{"uv":[7.375,4.25,7.75,4.625],"rotation":0,"texture":"#0","tintindex":0},"south":{"uv":[0.75,6.625,1.25,7.0],"rotation":0,"texture":"#0","tintindex":0},"north":{"uv":[6.5,2.0,7.0,2.375],"rotation":0,"texture":"#0","tintindex":0},"west":{"uv":[7.375,4.75,7.75,5.125],"rotation":0,"texture":"#0","tintindex":0},"up":{"uv":[6.125,7.0,5.625,6.625],"rotation":0,"texture":"#0","tintindex":0},"down":{"uv":[6.75,6.625,6.25,7.0],"rotation":0,"texture":"#0","tintindex":0}}},{"from":[9.953472,12.354481,7.89011],"to":[11.09633,15.211623,9.032967],"rotation":{"angle":22.5,"axis":"z","origin":[12.524901,13.497337,8.461538]},"faces":{"east":{"uv":[7.125,1.5,7.375,2.125],"rotation":0,"texture":"#0","tintindex":0},"south":{"uv":[5.375,7.125,5.625,7.75],"rotation":0,"texture":"#0","tintindex":0},"north":{"uv":[7.125,0.75,7.375,1.375],"rotation":0,"texture":"#0","tintindex":0},"west":{"uv":[5.75,7.125,6.0,7.75],"rotation":0,"texture":"#0","tintindex":0},"up":{"uv":[8.125,4.375,7.875,4.125],"rotation":0,"texture":"#0","tintindex":0},"down":{"uv":[8.125,4.5,7.875,4.75],"rotation":0,"texture":"#0","tintindex":0}}}],"display":{"head":{"translation":[0.0,-6.4,0.0],"scale":[4.0,4.0,4.0]}}}