{"textures":{"0":"modelengine:entity/pet_reaper"},"elements":[{"from":[7.669563,7.563019,3.6476188],"to":[8.526706,8.420161,12.219048],"rotation":{"angle":-22.5,"axis":"z","origin":[8.098134,8.420161,7.904762]},"faces":{"east":{"uv":[7.25,3.125,5.375,3.375],"rotation":0,"texture":"#0","tintindex":0},"south":{"uv":[3.25,7.875,3.5,8.125],"rotation":0,"texture":"#0","tintindex":0},"north":{"uv":[7.875,3.0,8.125,3.25],"rotation":0,"texture":"#0","tintindex":0},"west":{"uv":[5.375,3.125,7.25,3.375],"rotation":0,"texture":"#0","tintindex":0},"up":{"uv":[0.25,7.375,0.0,5.5],"rotation":0,"texture":"#0","tintindex":0},"down":{"uv":[0.625,5.5,0.375,7.375],"rotation":0,"texture":"#0","tintindex":0}}},{"from":[7.3626986,7.4527845,12.219048],"to":[8.505556,8.595642,13.933333],"rotation":{"angle":-22.5,"axis":"z","origin":[7.934127,8.024213,12.790476]},"faces":{"east":{"uv":[2.0,7.75,2.375,8.0],"rotation":0,"texture":"#0","tintindex":0},"south":{"uv":[7.875,5.25,8.125,5.5],"rotation":0,"texture":"#0","tintindex":0},"north":{"uv":[7.875,4.875,8.125,5.125],"rotation":0,"texture":"#0","tintindex":0},"west":{"uv":[4.625,7.75,5.0,8.0],"rotation":0,"texture":"#0","tintindex":0},"up":{"uv":[0.75,8.25,0.5,7.875],"rotation":0,"texture":"#0","tintindex":0},"down":{"uv":[2.75,7.875,2.5,8.25],"rotation":0,"texture":"#0","tintindex":0}}},{"from":[7.6484127,8.595642,12.790476],"to":[8.219841,10.309928,13.933333],"rotation":{"angle":-22.5,"axis":"z","origin":[7.934127,8.024213,12.790476]},"faces":{"east":{"uv":[7.875,2.5,8.125,2.875],"rotation":0,"texture":"#0","tintindex":0},"south":{"uv":[6.375,7.875,6.5,8.25],"rotation":0,"texture":"#0","tintindex":0},"north":{"uv":[6.125,7.875,6.25,8.25],"rotation":0,"texture":"#0","tintindex":0},"west":{"uv":[2.875,7.875,3.125,8.25],"rotation":0,"texture":"#0","tintindex":0},"up":{"uv":[8.125,0.25,8.0,0.0],"rotation":0,"texture":"#0","tintindex":0},"down":{"uv":[0.375,8.0,0.25,8.25],"rotation":0,"texture":"#0","tintindex":0}}},{"from":[7.5267057,6.848733,1.3619046],"to":[8.669562,9.134447,3.6476188],"rotation":{"angle":-22.5,"axis":"z","origin":[8.098134,8.420161,7.904762]},"faces":{"east":{"uv":[5.375,4.375,5.875,4.875],"rotation":0,"texture":"#0","tintindex":0},"south":{"uv":[7.25,7.625,7.5,8.125],"rotation":0,"texture":"#0","tintindex":0},"north":{"uv":[6.875,7.625,7.125,8.125],"rotation":0,"texture":"#0","tintindex":0},"west":{"uv":[0.75,5.5,1.25,6.0],"rotation":0,"texture":"#0","tintindex":0},"up":{"uv":[7.875,8.125,7.625,7.625],"rotation":0,"texture":"#0","tintindex":0},"down":{"uv":[1.375,7.75,1.125,8.25],"rotation":0,"texture":"#0","tintindex":0}}},{"from":[7.81242,5.134447,1.3619046],"to":[8.383848,6.848733,3.6476188],"rotation":{"angle":-22.5,"axis":"z","origin":[8.098134,8.420161,7.904762]},"faces":{"east":{"uv":[0.75,6.125,1.25,6.5],"rotation":0,"texture":"#0","tintindex":0},"south":{"uv":[5.625,7.875,5.75,8.25],"rotation":0,"texture":"#0","tintindex":0},"north":{"uv":[5.375,7.875,5.5,8.25],"rotation":0,"texture":"#0","tintindex":0},"west":{"uv":[6.125,6.125,6.625,6.5],"rotation":0,"texture":"#0","tintindex":0},"up":{"uv":[5.25,8.25,5.125,7.75],"rotation":0,"texture":"#0","tintindex":0},"down":{"uv":[1.0,7.875,0.875,8.375],"rotation":0,"texture":"#0","tintindex":0}}},{"from":[8.098134,5.7058754,0.21904707],"to":[8.098134,11.420161,4.790476],"rotation":{"angle":-22.5,"axis":"z","origin":[8.098134,8.420161,7.904762]},"faces":{"east":{"uv":[3.875,5.0,4.875,6.25],"rotation":0,"texture":"#0","tintindex":0},"south":{"uv":[3.875,8.125,3.875,9.375],"rotation":0,"texture":"#0","tintindex":0},"north":{"uv":[3.75,8.125,3.75,9.375],"rotation":0,"texture":"#0","tintindex":0},"west":{"uv":[5.0,5.0,6.0,6.25],"rotation":0,"texture":"#0","tintindex":0},"up":{"uv":[4.0,9.125,4.0,8.125],"rotation":0,"texture":"#0","tintindex":0},"down":{"uv":[4.125,8.125,4.125,9.125],"rotation":0,"texture":"#0","tintindex":0}}},{"from":[7.81242,2.2773042,2.5047617],"to":[8.383848,5.134447,3.6476188],"rotation":{"angle":-22.5,"axis":"z","origin":[8.098134,8.420161,7.904762]},"faces":{"east":{"uv":[6.125,7.125,6.375,7.75],"rotation":0,"texture":"#0","tintindex":0},"south":{"uv":[3.625,5.375,3.75,6.0],"rotation":0,"texture":"#0","tintindex":0},"north":{"uv":[3.875,4.125,4.0,4.75],"rotation":0,"texture":"#0","tintindex":0},"west":{"uv":[6.5,7.125,6.75,7.75],"rotation":0,"texture":"#0","tintindex":0},"up":{"uv":[0.625,7.75,0.5,7.5],"rotation":0,"texture":"#0","tintindex":0},"down":{"uv":[6.75,7.875,6.625,8.125],"rotation":0,"texture":"#0","tintindex":0}}},{"from":[7.81242,2.2773042,3.6476188],"to":[8.383848,3.4201612,5.3619046],"rotation":{"angle":-22.5,"axis":"z","origin":[8.098134,8.420161,7.904762]},"faces":{"east":{"uv":[7.5,6.75,7.875,7.0],"rotation":0,"texture":"#0","tintindex":0},"south":{"uv":[0.0,8.0,0.125,8.25],"rotation":0,"texture":"#0","tintindex":0},"north":{"uv":[7.875,7.125,8.0,7.375],"rotation":0,"texture":"#0","tintindex":0},"west":{"uv":[1.5,7.75,1.875,8.0],"rotation":0,"texture":"#0","tintindex":0},"up":{"uv":[8.0,6.0,7.875,5.625],"rotation":0,"texture":"#0","tintindex":0},"down":{"uv":[6.0,7.875,5.875,8.25],"rotation":0,"texture":"#0","tintindex":0}}}],"display":{"head":{"translation":[0.0,-6.4,0.0],"scale":[4.0,4.0,4.0]}}}