{"textures":{"0":"modelengine:entity/pet_assassin"},"elements":[{"from":[7.4447227,6.99159,6.5047617],"to":[8.301866,8.9915905,7.0761905],"rotation":{"angle":22.5,"axis":"z","origin":[7.8732944,8.420161,7.904762]},"faces":{"east":{"uv":[4.0,11.75,3.75,12.75],"rotation":0,"texture":"#0","tintindex":0},"south":{"uv":[12.25,1.25,11.75,2.25],"rotation":0,"texture":"#0","tintindex":0},"north":{"uv":[12.25,0.0,11.75,1.0],"rotation":0,"texture":"#0","tintindex":0},"west":{"uv":[8.0,8.25,7.75,9.25],"rotation":0,"texture":"#0","tintindex":0},"up":{"uv":[11.75,4.25,12.25,4.0],"rotation":0,"texture":"#0","tintindex":0},"down":{"uv":[4.25,11.75,4.75,12.0],"rotation":0,"texture":"#0","tintindex":0}}},{"from":[7.4447227,7.563019,7.0761905],"to":[8.301866,8.420161,9.361905],"rotation":{"angle":22.5,"axis":"z","origin":[7.8732944,8.420161,7.904762]},"faces":{"east":{"uv":[12.25,9.75,11.25,10.25],"rotation":0,"texture":"#0","tintindex":0},"south":{"uv":[12.25,3.25,11.75,3.75],"rotation":0,"texture":"#0","tintindex":0},"north":{"uv":[12.25,2.5,11.75,3.0],"rotation":0,"texture":"#0","tintindex":0},"west":{"uv":[10.75,11.25,9.75,11.75],"rotation":0,"texture":"#0","tintindex":0},"up":{"uv":[2.0,12.0,2.5,11.0],"rotation":0,"texture":"#0","tintindex":0},"down":{"uv":[11.25,10.5,11.75,11.5],"rotation":0,"texture":"#0","tintindex":0}}},{"from":[7.8732944,6.99159,3.07619],"to":[7.8732944,8.9915905,6.5047617],"rotation":{"angle":22.5,"axis":"z","origin":[7.8732944,8.420161,7.904762]},"faces":{"east":{"uv":[11.0,10.0,9.5,11.0],"rotation":0,"texture":"#0","tintindex":0},"south":{"uv":[11.25,11.75,11.25,12.75],"rotation":0,"texture":"#0","tintindex":0},"north":{"uv":[7.5,11.75,7.5,12.75],"rotation":0,"texture":"#0","tintindex":0},"west":{"uv":[9.5,10.0,11.0,11.0],"rotation":0,"texture":"#0","tintindex":0},"up":{"uv":[11.5,13.25,11.5,11.75],"rotation":0,"texture":"#0","tintindex":0},"down":{"uv":[11.75,11.75,11.75,13.25],"rotation":0,"texture":"#0","tintindex":0}}}],"display":{"head":{"translation":[0.0,-6.4,0.0],"scale":[4.0,4.0,4.0]}}}