{"textures":{"0":"modelengine:entity/pet_aether_dragon"},"elements":[{"from":[5.428571,6.0683517,4.8735313],"to":[10.571428,11.211209,11.159246],"rotation":{"angle":0.0,"axis":"y","origin":[8.0,8.63978,8.016389]},"faces":{"east":{"uv":[0.0,0.0,1.375,1.125],"rotation":0,"texture":"#0","tintindex":0},"south":{"uv":[2.75,0.0,3.875,1.125],"rotation":0,"texture":"#0","tintindex":0},"north":{"uv":[0.0,2.5,1.125,3.625],"rotation":0,"texture":"#0","tintindex":0},"west":{"uv":[0.0,1.25,1.375,2.375],"rotation":0,"texture":"#0","tintindex":0},"up":{"uv":[2.625,1.375,1.5,0.0],"rotation":0,"texture":"#0","tintindex":0},"down":{"uv":[2.625,1.5,1.5,2.875],"rotation":0,"texture":"#0","tintindex":0}}},{"from":[8.0,11.211209,4.8735313],"to":[8.0,14.068352,10.587817],"rotation":{"angle":0.0,"axis":"y","origin":[6.285714,12.925495,8.302103]},"faces":{"east":{"uv":[2.75,1.25,4.0,1.875],"rotation":0,"texture":"#0","tintindex":0},"south":{"uv":[2.125,7.5,2.125,8.125],"rotation":0,"texture":"#0","tintindex":0},"north":{"uv":[2.0,7.5,2.0,8.125],"rotation":0,"texture":"#0","tintindex":0},"west":{"uv":[2.75,2.0,4.0,2.625],"rotation":0,"texture":"#0","tintindex":0},"up":{"uv":[2.25,8.75,2.25,7.5],"rotation":0,"texture":"#0","tintindex":0},"down":{"uv":[2.375,7.5,2.375,8.75],"rotation":0,"texture":"#0","tintindex":0}}},{"from":[5.442857,10.883789,5.376725],"to":[6.5857143,13.740932,6.519582],"rotation":{"angle":22.5,"axis":"x","origin":[6.0142856,12.312361,5.9481535]},"faces":{"east":{"uv":[1.75,5.625,2.0,6.25],"rotation":0,"texture":"#0","tintindex":0},"south":{"uv":[2.125,5.625,2.375,6.25],"rotation":0,"texture":"#0","tintindex":0},"north":{"uv":[1.875,4.0,2.125,4.625],"rotation":0,"texture":"#0","tintindex":0},"west":{"uv":[5.375,5.625,5.625,6.25],"rotation":0,"texture":"#0","tintindex":0},"up":{"uv":[5.875,7.0,5.625,6.75],"rotation":0,"texture":"#0","tintindex":0},"down":{"uv":[7.125,0.0,6.875,0.25],"rotation":0,"texture":"#0","tintindex":0}}},{"from":[3.7285714,12.026647,5.9481535],"to":[6.5857143,16.026646,5.9481535],"rotation":{"angle":22.5,"axis":"x","origin":[6.0142856,12.312361,5.9481535]},"faces":{"east":{"uv":[2.5,7.5,2.5,8.375],"rotation":0,"texture":"#0","tintindex":0},"south":{"uv":[4.75,1.0,4.125,1.875],"rotation":0,"texture":"#0","tintindex":0},"north":{"uv":[4.125,1.0,4.75,1.875],"rotation":0,"texture":"#0","tintindex":0},"west":{"uv":[2.625,7.5,2.625,8.375],"rotation":0,"texture":"#0","tintindex":0},"up":{"uv":[8.125,0.125,7.5,0.125],"rotation":0,"texture":"#0","tintindex":0},"down":{"uv":[8.125,0.25,7.5,0.25],"rotation":0,"texture":"#0","tintindex":0}}},{"from":[9.414286,12.026647,5.9481535],"to":[12.271429,16.026646,5.9481535],"rotation":{"angle":22.5,"axis":"x","origin":[9.985714,12.312361,5.9481535]},"faces":{"east":{"uv":[2.625,7.5,2.625,8.375],"rotation":0,"texture":"#0","tintindex":0},"south":{"uv":[4.125,1.0,4.75,1.875],"rotation":0,"texture":"#0","tintindex":0},"north":{"uv":[4.75,1.0,4.125,1.875],"rotation":0,"texture":"#0","tintindex":0},"west":{"uv":[2.5,7.5,2.5,8.375],"rotation":0,"texture":"#0","tintindex":0},"up":{"uv":[7.5,0.125,8.125,0.125],"rotation":0,"texture":"#0","tintindex":0},"down":{"uv":[7.5,0.25,8.125,0.25],"rotation":0,"texture":"#0","tintindex":0}}},{"from":[3.9898472,10.221361,5.016389],"to":[4.561276,11.935648,5.587817],"rotation":{"angle":45.0,"axis":"z","origin":[4.418419,12.221362,5.44496]},"faces":{"east":{"uv":[1.25,6.5,1.375,6.875],"rotation":0,"texture":"#0","tintindex":0},"south":{"uv":[6.875,0.75,7.0,1.125],"rotation":0,"texture":"#0","tintindex":0},"north":{"uv":[1.25,2.5,1.375,2.875],"rotation":0,"texture":"#0","tintindex":0},"west":{"uv":[1.0,6.875,1.125,7.25],"rotation":0,"texture":"#0","tintindex":0},"up":{"uv":[7.25,6.375,7.125,6.25],"rotation":0,"texture":"#0","tintindex":0},"down":{"uv":[7.25,6.5,7.125,6.625],"rotation":0,"texture":"#0","tintindex":0}}},{"from":[11.4387245,10.221361,5.016389],"to":[12.010153,11.935648,5.587817],"rotation":{"angle":-45.0,"axis":"z","origin":[11.581581,12.221362,5.44496]},"faces":{"east":{"uv":[1.75,6.875,1.875,7.25],"rotation":0,"texture":"#0","tintindex":0},"south":{"uv":[2.0,6.875,2.125,7.25],"rotation":0,"texture":"#0","tintindex":0},"north":{"uv":[1.5,6.875,1.625,7.25],"rotation":0,"texture":"#0","tintindex":0},"west":{"uv":[2.25,6.875,2.375,7.25],"rotation":0,"texture":"#0","tintindex":0},"up":{"uv":[7.375,0.125,7.25,0.0],"rotation":0,"texture":"#0","tintindex":0},"down":{"uv":[7.375,0.25,7.25,0.375],"rotation":0,"texture":"#0","tintindex":0}}},{"from":[9.414286,10.883789,5.376725],"to":[10.557143,13.740932,6.519582],"rotation":{"angle":22.5,"axis":"x","origin":[9.985714,12.312361,5.9481535]},"faces":{"east":{"uv":[4.5,5.75,4.75,6.375],"rotation":0,"texture":"#0","tintindex":0},"south":{"uv":[4.875,5.75,5.125,6.375],"rotation":0,"texture":"#0","tintindex":0},"north":{"uv":[4.125,5.75,4.375,6.375],"rotation":0,"texture":"#0","tintindex":0},"west":{"uv":[5.75,5.625,6.0,6.25],"rotation":0,"texture":"#0","tintindex":0},"up":{"uv":[7.125,0.625,6.875,0.375],"rotation":0,"texture":"#0","tintindex":0},"down":{"uv":[0.875,6.875,0.625,7.125],"rotation":0,"texture":"#0","tintindex":0}}},{"from":[6.0,7.211209,3.159246],"to":[10.0,8.925495,4.8735313],"rotation":{"angle":0.0,"axis":"y","origin":[8.0,8.068352,4.016389]},"faces":{"east":{"uv":[3.0,5.875,3.375,6.25],"rotation":0,"texture":"#0","tintindex":0},"south":{"uv":[3.625,4.75,4.5,5.125],"rotation":0,"texture":"#0","tintindex":0},"north":{"uv":[2.625,4.75,3.5,5.125],"rotation":0,"texture":"#0","tintindex":0},"west":{"uv":[3.5,5.875,3.875,6.25],"rotation":0,"texture":"#0","tintindex":0},"up":{"uv":[5.5,5.125,4.625,4.75],"rotation":0,"texture":"#0","tintindex":0},"down":{"uv":[5.75,0.0,4.875,0.375],"rotation":0,"texture":"#0","tintindex":0}}},{"from":[6.0142856,6.299397,3.3129773],"to":[6.0142856,7.442254,5.0272627],"rotation":{"angle":-22.5,"axis":"x","origin":[6.0142856,6.870826,4.1701202]},"faces":{"east":{"uv":[6.625,5.625,7.0,5.875],"rotation":0,"texture":"#0","tintindex":0},"south":{"uv":[6.5,7.25,6.5,7.5],"rotation":0,"texture":"#0","tintindex":0},"north":{"uv":[6.375,7.25,6.375,7.5],"rotation":0,"texture":"#0","tintindex":0},"west":{"uv":[6.625,6.0,7.0,6.25],"rotation":0,"texture":"#0","tintindex":0},"up":{"uv":[6.625,7.625,6.625,7.25],"rotation":0,"texture":"#0","tintindex":0},"down":{"uv":[6.75,7.25,6.75,7.625],"rotation":0,"texture":"#0","tintindex":0}}},{"from":[9.985714,6.299397,3.3129773],"to":[9.985714,7.442254,5.0272627],"rotation":{"angle":-22.5,"axis":"x","origin":[9.985714,6.870826,4.1701202]},"faces":{"east":{"uv":[6.75,2.25,7.125,2.5],"rotation":0,"texture":"#0","tintindex":0},"south":{"uv":[7.375,0.75,7.375,1.0],"rotation":0,"texture":"#0","tintindex":0},"north":{"uv":[0.375,7.375,0.375,7.625],"rotation":0,"texture":"#0","tintindex":0},"west":{"uv":[6.75,2.625,7.125,2.875],"rotation":0,"texture":"#0","tintindex":0},"up":{"uv":[1.0,7.75,1.0,7.375],"rotation":0,"texture":"#0","tintindex":0},"down":{"uv":[1.125,7.375,1.125,7.75],"rotation":0,"texture":"#0","tintindex":0}}}],"display":{"head":{"translation":[0.0,-6.4,0.0],"scale":[4.0,4.0,4.0]}}}