{"textures":{"0":"modelengine:entity/pet_aether_dragon"},"elements":[{"from":[8.285714,5.742857,7.142857],"to":[8.857143,6.3142858,7.142857],"rotation":{"angle":0.0,"axis":"y","origin":[8.571428,6.028571,7.142857]},"faces":{"east":{"uv":[7.25,2.125,7.25,2.25],"rotation":0,"texture":"#0","tintindex":0},"south":{"uv":[6.25,7.0,6.375,7.125],"rotation":0,"texture":"#0","tintindex":0},"north":{"uv":[6.0,7.0,6.125,7.125],"rotation":0,"texture":"#0","tintindex":0},"west":{"uv":[7.25,2.375,7.25,2.5],"rotation":0,"texture":"#0","tintindex":0},"up":{"uv":[7.375,2.625,7.25,2.625],"rotation":0,"texture":"#0","tintindex":0},"down":{"uv":[7.375,2.75,7.25,2.75],"rotation":0,"texture":"#0","tintindex":0}}},{"from":[8.285714,5.742857,7.142857],"to":[8.857143,5.742857,7.714286],"rotation":{"angle":0.0,"axis":"y","origin":[8.571428,5.742857,7.428571]},"faces":{"east":{"uv":[4.0,7.25,4.125,7.25],"rotation":0,"texture":"#0","tintindex":0},"south":{"uv":[4.25,7.25,4.375,7.25],"rotation":0,"texture":"#0","tintindex":0},"north":{"uv":[7.25,2.875,7.375,2.875],"rotation":0,"texture":"#0","tintindex":0},"west":{"uv":[7.25,4.25,7.375,4.25],"rotation":0,"texture":"#0","tintindex":0},"up":{"uv":[6.625,7.125,6.5,7.0],"rotation":0,"texture":"#0","tintindex":0},"down":{"uv":[6.875,7.0,6.75,7.125],"rotation":0,"texture":"#0","tintindex":0}}},{"from":[7.142857,5.742857,7.142857],"to":[7.714286,5.742857,7.714286],"rotation":{"angle":0.0,"axis":"y","origin":[7.428571,5.742857,7.428571]},"faces":{"east":{"uv":[4.5,7.25,4.625,7.25],"rotation":0,"texture":"#0","tintindex":0},"south":{"uv":[5.25,7.25,5.375,7.25],"rotation":0,"texture":"#0","tintindex":0},"north":{"uv":[7.25,4.375,7.375,4.375],"rotation":0,"texture":"#0","tintindex":0},"west":{"uv":[7.25,5.25,7.375,5.25],"rotation":0,"texture":"#0","tintindex":0},"up":{"uv":[7.125,7.125,7.0,7.0],"rotation":0,"texture":"#0","tintindex":0},"down":{"uv":[0.125,7.125,0.0,7.25],"rotation":0,"texture":"#0","tintindex":0}}},{"from":[7.142857,5.742857,7.142857],"to":[7.714286,6.3142858,7.142857],"rotation":{"angle":0.0,"axis":"y","origin":[7.428571,6.028571,7.142857]},"faces":{"east":{"uv":[4.75,7.25,4.75,7.375],"rotation":0,"texture":"#0","tintindex":0},"south":{"uv":[7.125,0.75,7.25,0.875],"rotation":0,"texture":"#0","tintindex":0},"north":{"uv":[0.25,7.125,0.375,7.25],"rotation":0,"texture":"#0","tintindex":0},"west":{"uv":[6.0,7.25,6.0,7.375],"rotation":0,"texture":"#0","tintindex":0},"up":{"uv":[7.375,5.375,7.25,5.375],"rotation":0,"texture":"#0","tintindex":0},"down":{"uv":[6.25,7.25,6.125,7.25],"rotation":0,"texture":"#0","tintindex":0}}},{"from":[7.142857,6.3142858,7.142857],"to":[8.857143,8.028571,8.857143],"rotation":{"angle":0.0,"axis":"y","origin":[8.0,7.1714287,8.0]},"faces":{"east":{"uv":[1.0,6.0,1.375,6.375],"rotation":0,"texture":"#0","tintindex":0},"south":{"uv":[6.125,3.75,6.5,4.125],"rotation":0,"texture":"#0","tintindex":0},"north":{"uv":[0.5,6.0,0.875,6.375],"rotation":0,"texture":"#0","tintindex":0},"west":{"uv":[6.125,4.75,6.5,5.125],"rotation":0,"texture":"#0","tintindex":0},"up":{"uv":[6.5,6.0,6.125,5.625],"rotation":0,"texture":"#0","tintindex":0},"down":{"uv":[6.5,6.125,6.125,6.5],"rotation":0,"texture":"#0","tintindex":0}}}],"display":{"head":{"translation":[0.0,-6.4,0.0],"scale":[4.0,4.0,4.0]}}}