{"textures":{"0":"modelengine:entity/pet_aether_dragon"},"elements":[{"from":[7.142857,5.742857,7.142857],"to":[7.714286,6.3142858,7.142857],"rotation":{"angle":0.0,"axis":"y","origin":[7.428571,6.028571,7.142857]},"faces":{"east":{"uv":[3.5,7.375,3.5,7.5],"rotation":0,"texture":"#0","tintindex":0},"south":{"uv":[7.125,4.75,7.25,4.875],"rotation":0,"texture":"#0","tintindex":0},"north":{"uv":[7.125,4.5,7.25,4.625],"rotation":0,"texture":"#0","tintindex":0},"west":{"uv":[7.375,3.5,7.375,3.625],"rotation":0,"texture":"#0","tintindex":0},"up":{"uv":[3.75,7.375,3.625,7.375],"rotation":0,"texture":"#0","tintindex":0},"down":{"uv":[4.0,7.375,3.875,7.375],"rotation":0,"texture":"#0","tintindex":0}}},{"from":[7.142857,5.742857,7.142857],"to":[7.714286,5.742857,7.714286],"rotation":{"angle":0.0,"axis":"y","origin":[7.428571,5.742857,7.428571]},"faces":{"east":{"uv":[4.375,7.375,4.5,7.375],"rotation":0,"texture":"#0","tintindex":0},"south":{"uv":[7.375,4.5,7.5,4.5],"rotation":0,"texture":"#0","tintindex":0},"north":{"uv":[4.125,7.375,4.25,7.375],"rotation":0,"texture":"#0","tintindex":0},"west":{"uv":[7.375,4.625,7.5,4.625],"rotation":0,"texture":"#0","tintindex":0},"up":{"uv":[5.0,7.25,4.875,7.125],"rotation":0,"texture":"#0","tintindex":0},"down":{"uv":[5.625,7.125,5.5,7.25],"rotation":0,"texture":"#0","tintindex":0}}},{"from":[8.285714,5.742857,7.142857],"to":[8.857143,5.742857,7.714286],"rotation":{"angle":0.0,"axis":"y","origin":[8.571428,5.742857,7.428571]},"faces":{"east":{"uv":[4.875,7.375,5.0,7.375],"rotation":0,"texture":"#0","tintindex":0},"south":{"uv":[7.375,4.875,7.5,4.875],"rotation":0,"texture":"#0","tintindex":0},"north":{"uv":[7.375,4.75,7.5,4.75],"rotation":0,"texture":"#0","tintindex":0},"west":{"uv":[5.25,7.375,5.375,7.375],"rotation":0,"texture":"#0","tintindex":0},"up":{"uv":[7.25,5.625,7.125,5.5],"rotation":0,"texture":"#0","tintindex":0},"down":{"uv":[5.875,7.125,5.75,7.25],"rotation":0,"texture":"#0","tintindex":0}}},{"from":[8.285714,5.742857,7.142857],"to":[8.857143,6.3142858,7.142857],"rotation":{"angle":0.0,"axis":"y","origin":[8.571428,6.028571,7.142857]},"faces":{"east":{"uv":[4.625,7.375,4.625,7.5],"rotation":0,"texture":"#0","tintindex":0},"south":{"uv":[7.125,6.0,7.25,6.125],"rotation":0,"texture":"#0","tintindex":0},"north":{"uv":[7.125,5.75,7.25,5.875],"rotation":0,"texture":"#0","tintindex":0},"west":{"uv":[5.5,7.375,5.5,7.5],"rotation":0,"texture":"#0","tintindex":0},"up":{"uv":[7.5,5.5,7.375,5.5],"rotation":0,"texture":"#0","tintindex":0},"down":{"uv":[5.75,7.375,5.625,7.375],"rotation":0,"texture":"#0","tintindex":0}}},{"from":[7.142857,6.3142858,7.142857],"to":[8.857143,8.028571,8.857143],"rotation":{"angle":0.0,"axis":"y","origin":[8.0,7.1714287,8.0]},"faces":{"east":{"uv":[1.5,6.375,1.875,6.75],"rotation":0,"texture":"#0","tintindex":0},"south":{"uv":[2.0,6.375,2.375,6.75],"rotation":0,"texture":"#0","tintindex":0},"north":{"uv":[6.375,1.0,6.75,1.375],"rotation":0,"texture":"#0","tintindex":0},"west":{"uv":[2.5,6.375,2.875,6.75],"rotation":0,"texture":"#0","tintindex":0},"up":{"uv":[3.375,6.75,3.0,6.375],"rotation":0,"texture":"#0","tintindex":0},"down":{"uv":[3.875,6.375,3.5,6.75],"rotation":0,"texture":"#0","tintindex":0}}}],"display":{"head":{"translation":[0.0,-6.4,0.0],"scale":[4.0,4.0,4.0]}}}