{"textures":{"0":"modelengine:entity/pet_aether_dragon"},"elements":[{"from":[7.142857,6.3142858,7.142857],"to":[8.857143,8.028571,8.857143],"rotation":{"angle":0.0,"axis":"y","origin":[8.0,7.1714287,8.0]},"faces":{"east":{"uv":[6.25,2.0,6.625,2.375],"rotation":0,"texture":"#0","tintindex":0},"south":{"uv":[6.25,2.5,6.625,2.875],"rotation":0,"texture":"#0","tintindex":0},"north":{"uv":[6.25,1.5,6.625,1.875],"rotation":0,"texture":"#0","tintindex":0},"west":{"uv":[6.25,3.0,6.625,3.375],"rotation":0,"texture":"#0","tintindex":0},"up":{"uv":[6.75,0.375,6.375,0.0],"rotation":0,"texture":"#0","tintindex":0},"down":{"uv":[6.75,0.5,6.375,0.875],"rotation":0,"texture":"#0","tintindex":0}}},{"from":[8.285714,5.742857,7.142857],"to":[8.857143,6.3142858,7.142857],"rotation":{"angle":0.0,"axis":"y","origin":[8.571428,6.028571,7.142857]},"faces":{"east":{"uv":[1.25,7.375,1.25,7.5],"rotation":0,"texture":"#0","tintindex":0},"south":{"uv":[2.5,7.125,2.625,7.25],"rotation":0,"texture":"#0","tintindex":0},"north":{"uv":[7.125,1.0,7.25,1.125],"rotation":0,"texture":"#0","tintindex":0},"west":{"uv":[1.375,7.375,1.375,7.5],"rotation":0,"texture":"#0","tintindex":0},"up":{"uv":[7.5,1.125,7.375,1.125],"rotation":0,"texture":"#0","tintindex":0},"down":{"uv":[1.625,7.375,1.5,7.375],"rotation":0,"texture":"#0","tintindex":0}}},{"from":[8.285714,5.742857,7.142857],"to":[8.857143,5.742857,7.714286],"rotation":{"angle":0.0,"axis":"y","origin":[8.571428,5.742857,7.428571]},"faces":{"east":{"uv":[2.0,7.375,2.125,7.375],"rotation":0,"texture":"#0","tintindex":0},"south":{"uv":[7.375,2.125,7.5,2.125],"rotation":0,"texture":"#0","tintindex":0},"north":{"uv":[1.75,7.375,1.875,7.375],"rotation":0,"texture":"#0","tintindex":0},"west":{"uv":[2.25,7.375,2.375,7.375],"rotation":0,"texture":"#0","tintindex":0},"up":{"uv":[2.875,7.25,2.75,7.125],"rotation":0,"texture":"#0","tintindex":0},"down":{"uv":[3.125,7.125,3.0,7.25],"rotation":0,"texture":"#0","tintindex":0}}},{"from":[7.142857,5.742857,7.142857],"to":[7.714286,5.742857,7.714286],"rotation":{"angle":0.0,"axis":"y","origin":[7.428571,5.742857,7.428571]},"faces":{"east":{"uv":[7.375,2.375,7.5,2.375],"rotation":0,"texture":"#0","tintindex":0},"south":{"uv":[2.5,7.375,2.625,7.375],"rotation":0,"texture":"#0","tintindex":0},"north":{"uv":[7.375,2.25,7.5,2.25],"rotation":0,"texture":"#0","tintindex":0},"west":{"uv":[7.375,2.5,7.5,2.5],"rotation":0,"texture":"#0","tintindex":0},"up":{"uv":[3.375,7.25,3.25,7.125],"rotation":0,"texture":"#0","tintindex":0},"down":{"uv":[3.625,7.125,3.5,7.25],"rotation":0,"texture":"#0","tintindex":0}}},{"from":[7.142857,5.742857,7.142857],"to":[7.714286,6.3142858,7.142857],"rotation":{"angle":0.0,"axis":"y","origin":[7.428571,6.028571,7.142857]},"faces":{"east":{"uv":[2.75,7.375,2.75,7.5],"rotation":0,"texture":"#0","tintindex":0},"south":{"uv":[3.75,7.125,3.875,7.25],"rotation":0,"texture":"#0","tintindex":0},"north":{"uv":[7.125,3.5,7.25,3.625],"rotation":0,"texture":"#0","tintindex":0},"west":{"uv":[2.875,7.375,2.875,7.5],"rotation":0,"texture":"#0","tintindex":0},"up":{"uv":[3.125,7.375,3.0,7.375],"rotation":0,"texture":"#0","tintindex":0},"down":{"uv":[3.375,7.375,3.25,7.375],"rotation":0,"texture":"#0","tintindex":0}}}],"display":{"head":{"translation":[0.0,-6.4,0.0],"scale":[4.0,4.0,4.0]}}}