{"textures":{"0":"modelengine:entity/pet_nature_dragon"},"elements":[{"from":[5.428571,6.0683517,4.8735313],"to":[10.571428,11.211209,11.159246],"rotation":{"angle":0.0,"axis":"y","origin":[8.0,8.63978,8.016389]},"faces":{"east":{"uv":[0.0,0.0,1.375,1.125],"rotation":0,"texture":"#0","tintindex":0},"south":{"uv":[2.75,0.0,3.875,1.125],"rotation":0,"texture":"#0","tintindex":0},"north":{"uv":[0.0,2.5,1.125,3.625],"rotation":0,"texture":"#0","tintindex":0},"west":{"uv":[0.0,1.25,1.375,2.375],"rotation":0,"texture":"#0","tintindex":0},"up":{"uv":[2.625,1.375,1.5,0.0],"rotation":0,"texture":"#0","tintindex":0},"down":{"uv":[2.625,1.5,1.5,2.875],"rotation":0,"texture":"#0","tintindex":0}}},{"from":[3.7489486,7.211209,6.071357],"to":[3.7489486,11.211209,8.9285],"rotation":{"angle":-45.0,"axis":"y","origin":[6.0346627,8.63978,7.4999285]},"faces":{"east":{"uv":[2.25,4.75,1.625,5.625],"rotation":0,"texture":"#0","tintindex":0},"south":{"uv":[6.875,7.75,6.875,8.625],"rotation":0,"texture":"#0","tintindex":0},"north":{"uv":[6.75,7.75,6.75,8.625],"rotation":0,"texture":"#0","tintindex":0},"west":{"uv":[1.625,4.75,2.25,5.625],"rotation":0,"texture":"#0","tintindex":0},"up":{"uv":[7.125,8.375,7.125,7.75],"rotation":0,"texture":"#0","tintindex":0},"down":{"uv":[7.25,7.75,7.25,8.375],"rotation":0,"texture":"#0","tintindex":0}}},{"from":[12.251051,7.211209,6.071357],"to":[12.251051,11.211209,8.9285],"rotation":{"angle":45.0,"axis":"y","origin":[9.965337,8.63978,7.4999285]},"faces":{"east":{"uv":[2.25,4.75,1.625,5.625],"rotation":0,"texture":"#0","tintindex":0},"south":{"uv":[6.875,7.75,6.875,8.625],"rotation":0,"texture":"#0","tintindex":0},"north":{"uv":[6.75,7.75,6.75,8.625],"rotation":0,"texture":"#0","tintindex":0},"west":{"uv":[1.625,4.75,2.25,5.625],"rotation":0,"texture":"#0","tintindex":0},"up":{"uv":[7.125,8.375,7.125,7.75],"rotation":0,"texture":"#0","tintindex":0},"down":{"uv":[7.25,7.75,7.25,8.375],"rotation":0,"texture":"#0","tintindex":0}}},{"from":[8.0,11.211209,4.8735313],"to":[8.0,14.63978,10.587817],"rotation":{"angle":0.0,"axis":"y","origin":[8.0,12.925495,7.7306747]},"faces":{"east":{"uv":[2.75,1.25,4.0,2.0],"rotation":0,"texture":"#0","tintindex":0},"south":{"uv":[4.5,7.5,4.5,8.25],"rotation":0,"texture":"#0","tintindex":0},"north":{"uv":[4.375,7.375,4.375,8.125],"rotation":0,"texture":"#0","tintindex":0},"west":{"uv":[2.75,2.125,4.0,2.875],"rotation":0,"texture":"#0","tintindex":0},"up":{"uv":[4.625,8.75,4.625,7.5],"rotation":0,"texture":"#0","tintindex":0},"down":{"uv":[4.75,7.5,4.75,8.75],"rotation":0,"texture":"#0","tintindex":0}}},{"from":[4.7725425,11.080717,5.44496],"to":[4.7725425,13.9378605,11.159246],"rotation":{"angle":22.5,"axis":"z","origin":[4.7725425,12.795003,7.7306747]},"faces":{"east":{"uv":[3.875,3.0,2.625,3.625],"rotation":0,"texture":"#0","tintindex":0},"south":{"uv":[7.625,7.75,7.625,8.375],"rotation":0,"texture":"#0","tintindex":0},"north":{"uv":[7.5,7.75,7.5,8.375],"rotation":0,"texture":"#0","tintindex":0},"west":{"uv":[2.625,3.0,3.875,3.625],"rotation":0,"texture":"#0","tintindex":0},"up":{"uv":[7.75,8.875,7.75,7.625],"rotation":0,"texture":"#0","tintindex":0},"down":{"uv":[0.0,7.875,0.0,9.125],"rotation":0,"texture":"#0","tintindex":0}}},{"from":[11.227457,11.080717,5.44496],"to":[11.227457,13.9378605,11.159246],"rotation":{"angle":-22.5,"axis":"z","origin":[11.227457,12.795003,7.7306747]},"faces":{"east":{"uv":[3.875,3.0,2.625,3.625],"rotation":0,"texture":"#0","tintindex":0},"south":{"uv":[7.625,7.75,7.625,8.375],"rotation":0,"texture":"#0","tintindex":0},"north":{"uv":[7.5,7.75,7.5,8.375],"rotation":0,"texture":"#0","tintindex":0},"west":{"uv":[2.625,3.0,3.875,3.625],"rotation":0,"texture":"#0","tintindex":0},"up":{"uv":[7.75,8.875,7.75,7.625],"rotation":0,"texture":"#0","tintindex":0},"down":{"uv":[0.0,7.875,0.0,9.125],"rotation":0,"texture":"#0","tintindex":0}}},{"from":[5.442857,10.883789,5.376725],"to":[6.5857143,13.740932,6.519582],"rotation":{"angle":22.5,"axis":"x","origin":[6.0142856,12.312361,5.9481535]},"faces":{"east":{"uv":[3.875,5.875,4.125,6.5],"rotation":0,"texture":"#0","tintindex":0},"south":{"uv":[5.0,5.875,5.25,6.5],"rotation":0,"texture":"#0","tintindex":0},"north":{"uv":[5.875,3.5,6.125,4.125],"rotation":0,"texture":"#0","tintindex":0},"west":{"uv":[5.375,5.875,5.625,6.5],"rotation":0,"texture":"#0","tintindex":0},"up":{"uv":[4.75,7.375,4.5,7.125],"rotation":0,"texture":"#0","tintindex":0},"down":{"uv":[5.125,7.125,4.875,7.375],"rotation":0,"texture":"#0","tintindex":0}}},{"from":[3.7285714,10.312361,5.9481535],"to":[5.442857,13.740932,5.9481535],"rotation":{"angle":22.5,"axis":"x","origin":[6.0142856,12.312361,5.9481535]},"faces":{"east":{"uv":[7.75,4.375,7.75,5.125],"rotation":0,"texture":"#0","tintindex":0},"south":{"uv":[3.75,4.75,3.375,5.5],"rotation":0,"texture":"#0","tintindex":0},"north":{"uv":[3.375,4.75,3.75,5.5],"rotation":0,"texture":"#0","tintindex":0},"west":{"uv":[5.5,7.75,5.5,8.5],"rotation":0,"texture":"#0","tintindex":0},"up":{"uv":[8.125,5.25,7.75,5.25],"rotation":0,"texture":"#0","tintindex":0},"down":{"uv":[8.125,5.375,7.75,5.375],"rotation":0,"texture":"#0","tintindex":0}}},{"from":[3.2999997,13.796795,5.8140774],"to":[5.5857143,14.9396515,6.9569345],"rotation":{"angle":-45.0,"axis":"z","origin":[4.5857143,13.368223,6.3855057]},"faces":{"east":{"uv":[6.625,7.125,6.875,7.375],"rotation":0,"texture":"#0","tintindex":0},"south":{"uv":[6.625,6.75,7.125,7.0],"rotation":0,"texture":"#0","tintindex":0},"north":{"uv":[6.75,5.25,7.25,5.5],"rotation":0,"texture":"#0","tintindex":0},"west":{"uv":[7.0,7.125,7.25,7.375],"rotation":0,"texture":"#0","tintindex":0},"up":{"uv":[0.5,7.125,0.0,6.875],"rotation":0,"texture":"#0","tintindex":0},"down":{"uv":[7.375,0.0,6.875,0.25],"rotation":0,"texture":"#0","tintindex":0}}},{"from":[2.728571,14.9396515,6.3855057],"to":[6.1571426,16.653938,6.3855057],"rotation":{"angle":-45.0,"axis":"z","origin":[4.5857143,13.368223,6.3855057]},"faces":{"east":{"uv":[5.625,7.75,5.625,8.125],"rotation":0,"texture":"#0","tintindex":0},"south":{"uv":[5.125,5.125,4.375,5.5],"rotation":0,"texture":"#0","tintindex":0},"north":{"uv":[4.375,5.125,5.125,5.5],"rotation":0,"texture":"#0","tintindex":0},"west":{"uv":[5.75,7.75,5.75,8.125],"rotation":0,"texture":"#0","tintindex":0},"up":{"uv":[8.5,5.5,7.75,5.5],"rotation":0,"texture":"#0","tintindex":0},"down":{"uv":[6.625,7.75,5.875,7.75],"rotation":0,"texture":"#0","tintindex":0}}},{"from":[10.557143,10.312361,5.9481535],"to":[12.271429,13.740932,5.9481535],"rotation":{"angle":22.5,"axis":"x","origin":[9.985714,12.312361,5.9481535]},"faces":{"east":{"uv":[5.5,7.75,5.5,8.5],"rotation":0,"texture":"#0","tintindex":0},"south":{"uv":[3.375,4.75,3.75,5.5],"rotation":0,"texture":"#0","tintindex":0},"north":{"uv":[3.75,4.75,3.375,5.5],"rotation":0,"texture":"#0","tintindex":0},"west":{"uv":[7.75,4.375,7.75,5.125],"rotation":0,"texture":"#0","tintindex":0},"up":{"uv":[7.75,5.25,8.125,5.25],"rotation":0,"texture":"#0","tintindex":0},"down":{"uv":[7.75,5.375,8.125,5.375],"rotation":0,"texture":"#0","tintindex":0}}},{"from":[10.414286,13.796795,5.8140774],"to":[12.700001,14.9396515,6.9569345],"rotation":{"angle":45.0,"axis":"z","origin":[11.414286,13.368223,6.3855057]},"faces":{"east":{"uv":[7.25,7.125,7.0,7.375],"rotation":0,"texture":"#0","tintindex":0},"south":{"uv":[7.125,6.75,6.625,7.0],"rotation":0,"texture":"#0","tintindex":0},"north":{"uv":[7.25,5.25,6.75,5.5],"rotation":0,"texture":"#0","tintindex":0},"west":{"uv":[6.875,7.125,6.625,7.375],"rotation":0,"texture":"#0","tintindex":0},"up":{"uv":[0.0,7.125,0.5,6.875],"rotation":0,"texture":"#0","tintindex":0},"down":{"uv":[6.875,0.0,7.375,0.25],"rotation":0,"texture":"#0","tintindex":0}}},{"from":[9.842857,14.9396515,6.3855057],"to":[13.271429,16.653938,6.3855057],"rotation":{"angle":45.0,"axis":"z","origin":[11.414286,13.368223,6.3855057]},"faces":{"east":{"uv":[5.75,7.75,5.75,8.125],"rotation":0,"texture":"#0","tintindex":0},"south":{"uv":[4.375,5.125,5.125,5.5],