{"textures":{"0":"modelengine:entity/pet_nature_dragon"},"elements":[{"from":[7.142857,6.3142858,7.142857],"to":[8.857143,8.028571,8.857143],"rotation":{"angle":0.0,"axis":"y","origin":[8.0,7.1714287,8.0]},"faces":{"east":{"uv":[2.125,6.125,2.5,6.5],"rotation":0,"texture":"#0","tintindex":0},"south":{"uv":[2.625,6.125,3.0,6.5],"rotation":0,"texture":"#0","tintindex":0},"north":{"uv":[1.625,6.125,2.0,6.5],"rotation":0,"texture":"#0","tintindex":0},"west":{"uv":[3.125,6.125,3.5,6.5],"rotation":0,"texture":"#0","tintindex":0},"up":{"uv":[4.625,6.5,4.25,6.125],"rotation":0,"texture":"#0","tintindex":0},"down":{"uv":[6.5,4.25,6.125,4.625],"rotation":0,"texture":"#0","tintindex":0}}},{"from":[7.142857,5.742857,7.142857],"to":[7.714286,6.3142858,7.142857],"rotation":{"angle":0.0,"axis":"y","origin":[7.428571,6.028571,7.142857]},"faces":{"east":{"uv":[4.25,5.875,4.25,6.0],"rotation":0,"texture":"#0","tintindex":0},"south":{"uv":[1.25,2.75,1.375,2.875],"rotation":0,"texture":"#0","tintindex":0},"north":{"uv":[1.25,2.5,1.375,2.625],"rotation":0,"texture":"#0","tintindex":0},"west":{"uv":[6.125,4.75,6.125,4.875],"rotation":0,"texture":"#0","tintindex":0},"up":{"uv":[4.5,5.0,4.375,5.0],"rotation":0,"texture":"#0","tintindex":0},"down":{"uv":[4.75,5.0,4.625,5.0],"rotation":0,"texture":"#0","tintindex":0}}},{"from":[7.142857,5.742857,7.142857],"to":[7.714286,5.742857,7.714286],"rotation":{"angle":0.0,"axis":"y","origin":[7.428571,5.742857,7.428571]},"faces":{"east":{"uv":[6.375,3.375,6.5,3.375],"rotation":0,"texture":"#0","tintindex":0},"south":{"uv":[6.75,5.625,6.875,5.625],"rotation":0,"texture":"#0","tintindex":0},"north":{"uv":[6.25,5.75,6.375,5.75],"rotation":0,"texture":"#0","tintindex":0},"west":{"uv":[6.875,0.875,7.0,0.875],"rotation":0,"texture":"#0","tintindex":0},"up":{"uv":[5.125,5.75,5.0,5.625],"rotation":0,"texture":"#0","tintindex":0},"down":{"uv":[6.0,4.25,5.875,4.375],"rotation":0,"texture":"#0","tintindex":0}}},{"from":[8.285714,5.742857,7.142857],"to":[8.857143,5.742857,7.714286],"rotation":{"angle":0.0,"axis":"y","origin":[8.571428,5.742857,7.428571]},"faces":{"east":{"uv":[7.125,4.375,7.25,4.375],"rotation":0,"texture":"#0","tintindex":0},"south":{"uv":[7.625,1.125,7.75,1.125],"rotation":0,"texture":"#0","tintindex":0},"north":{"uv":[7.0,5.625,7.125,5.625],"rotation":0,"texture":"#0","tintindex":0},"west":{"uv":[1.25,7.625,1.375,7.625],"rotation":0,"texture":"#0","tintindex":0},"up":{"uv":[3.75,6.25,3.625,6.125],"rotation":0,"texture":"#0","tintindex":0},"down":{"uv":[4.875,6.125,4.75,6.25],"rotation":0,"texture":"#0","tintindex":0}}},{"from":[8.285714,5.742857,7.142857],"to":[8.857143,6.3142858,7.142857],"rotation":{"angle":0.0,"axis":"y","origin":[8.571428,6.028571,7.142857]},"faces":{"east":{"uv":[6.625,4.5,6.625,4.625],"rotation":0,"texture":"#0","tintindex":0},"south":{"uv":[4.75,6.375,4.875,6.5],"rotation":0,"texture":"#0","tintindex":0},"north":{"uv":[3.625,6.375,3.75,6.5],"rotation":0,"texture":"#0","tintindex":0},"west":{"uv":[1.5,6.875,1.5,7.0],"rotation":0,"texture":"#0","tintindex":0},"up":{"uv":[7.75,1.25,7.625,1.25],"rotation":0,"texture":"#0","tintindex":0},"down":{"uv":[7.75,1.375,7.625,1.375],"rotation":0,"texture":"#0","tintindex":0}}}],"display":{"head":{"translation":[0.0,-6.4,0.0],"scale":[4.0,4.0,4.0]}}}