{"textures":{"0":"modelengine:entity/pet_nature_dragon"},"elements":[{"from":[7.142857,5.742857,7.142857],"to":[7.714286,6.3142858,7.142857],"rotation":{"angle":0.0,"axis":"y","origin":[7.428571,6.028571,7.142857]},"faces":{"east":{"uv":[7.625,7.125,7.625,7.25],"rotation":0,"texture":"#0","tintindex":0},"south":{"uv":[7.375,7.25,7.5,7.375],"rotation":0,"texture":"#0","tintindex":0},"north":{"uv":[7.375,7.0,7.5,7.125],"rotation":0,"texture":"#0","tintindex":0},"west":{"uv":[7.375,7.625,7.375,7.75],"rotation":0,"texture":"#0","tintindex":0},"up":{"uv":[7.75,7.375,7.625,7.375],"rotation":0,"texture":"#0","tintindex":0},"down":{"uv":[7.625,7.625,7.5,7.625],"rotation":0,"texture":"#0","tintindex":0}}},{"from":[7.142857,5.742857,7.142857],"to":[7.714286,5.742857,7.714286],"rotation":{"angle":0.0,"axis":"y","origin":[7.428571,5.742857,7.428571]},"faces":{"east":{"uv":[7.75,0.0,7.875,0.0],"rotation":0,"texture":"#0","tintindex":0},"south":{"uv":[7.75,0.125,7.875,0.125],"rotation":0,"texture":"#0","tintindex":0},"north":{"uv":[0.0,7.75,0.125,7.75],"rotation":0,"texture":"#0","tintindex":0},"west":{"uv":[0.25,7.75,0.375,7.75],"rotation":0,"texture":"#0","tintindex":0},"up":{"uv":[0.125,7.625,0.0,7.5],"rotation":0,"texture":"#0","tintindex":0},"down":{"uv":[7.625,0.0,7.5,0.125],"rotation":0,"texture":"#0","tintindex":0}}},{"from":[8.285714,5.742857,7.142857],"to":[8.857143,5.742857,7.714286],"rotation":{"angle":0.0,"axis":"y","origin":[8.571428,5.742857,7.428571]},"faces":{"east":{"uv":[0.5,7.75,0.625,7.75],"rotation":0,"texture":"#0","tintindex":0},"south":{"uv":[7.75,0.5,7.875,0.5],"rotation":0,"texture":"#0","tintindex":0},"north":{"uv":[7.75,0.375,7.875,0.375],"rotation":0,"texture":"#0","tintindex":0},"west":{"uv":[7.75,0.625,7.875,0.625],"rotation":0,"texture":"#0","tintindex":0},"up":{"uv":[0.375,7.625,0.25,7.5],"rotation":0,"texture":"#0","tintindex":0},"down":{"uv":[0.625,7.5,0.5,7.625],"rotation":0,"texture":"#0","tintindex":0}}},{"from":[8.285714,5.742857,7.142857],"to":[8.857143,6.3142858,7.142857],"rotation":{"angle":0.0,"axis":"y","origin":[8.571428,6.028571,7.142857]},"faces":{"east":{"uv":[0.75,7.75,0.75,7.875],"rotation":0,"texture":"#0","tintindex":0},"south":{"uv":[1.0,7.5,1.125,7.625],"rotation":0,"texture":"#0","tintindex":0},"north":{"uv":[0.75,7.5,0.875,7.625],"rotation":0,"texture":"#0","tintindex":0},"west":{"uv":[0.875,7.75,0.875,7.875],"rotation":0,"texture":"#0","tintindex":0},"up":{"uv":[7.875,0.75,7.75,0.75],"rotation":0,"texture":"#0","tintindex":0},"down":{"uv":[1.125,7.75,1.0,7.75],"rotation":0,"texture":"#0","tintindex":0}}},{"from":[7.142857,6.3142858,7.142857],"to":[8.857143,8.028571,8.857143],"rotation":{"angle":0.0,"axis":"y","origin":[8.0,7.1714287,8.0]},"faces":{"east":{"uv":[6.625,4.0,7.0,4.375],"rotation":0,"texture":"#0","tintindex":0},"south":{"uv":[4.125,6.625,4.5,7.0],"rotation":0,"texture":"#0","tintindex":0},"north":{"uv":[3.625,6.625,4.0,7.0],"rotation":0,"texture":"#0","tintindex":0},"west":{"uv":[4.625,6.625,5.0,7.0],"rotation":0,"texture":"#0","tintindex":0},"up":{"uv":[5.5,7.0,5.125,6.625],"rotation":0,"texture":"#0","tintindex":0},"down":{"uv":[6.0,6.625,5.625,7.0],"rotation":0,"texture":"#0","tintindex":0}}}],"display":{"head":{"translation":[0.0,-6.4,0.0],"scale":[4.0,4.0,4.0]}}}