{"textures":{"0":"modelengine:entity/pet_shadow_dragon"},"elements":[{"from":[7.142857,5.742857,7.142857],"to":[7.714286,6.3142858,7.142857],"rotation":{"angle":0.0,"axis":"y","origin":[7.428571,6.028571,7.142857]},"faces":{"east":{"uv":[0.875,7.125,0.875,7.25],"rotation":0,"texture":"#0","tintindex":0},"south":{"uv":[6.75,4.75,6.875,4.875],"rotation":0,"texture":"#0","tintindex":0},"north":{"uv":[6.75,4.5,6.875,4.625],"rotation":0,"texture":"#0","tintindex":0},"west":{"uv":[7.125,1.375,7.125,1.5],"rotation":0,"texture":"#0","tintindex":0},"up":{"uv":[1.875,7.125,1.75,7.125],"rotation":0,"texture":"#0","tintindex":0},"down":{"uv":[2.125,7.125,2.0,7.125],"rotation":0,"texture":"#0","tintindex":0}}},{"from":[7.142857,5.742857,7.142857],"to":[7.714286,5.742857,7.714286],"rotation":{"angle":0.0,"axis":"y","origin":[7.428571,5.742857,7.428571]},"faces":{"east":{"uv":[7.125,2.5,7.25,2.5],"rotation":0,"texture":"#0","tintindex":0},"south":{"uv":[7.125,2.625,7.25,2.625],"rotation":0,"texture":"#0","tintindex":0},"north":{"uv":[2.25,7.125,2.375,7.125],"rotation":0,"texture":"#0","tintindex":0},"west":{"uv":[2.75,7.125,2.875,7.125],"rotation":0,"texture":"#0","tintindex":0},"up":{"uv":[6.875,6.375,6.75,6.25],"rotation":0,"texture":"#0","tintindex":0},"down":{"uv":[7.0,0.0,6.875,0.125],"rotation":0,"texture":"#0","tintindex":0}}},{"from":[8.285714,5.742857,7.142857],"to":[8.857143,5.742857,7.714286],"rotation":{"angle":0.0,"axis":"y","origin":[8.571428,5.742857,7.428571]},"faces":{"east":{"uv":[7.125,3.0,7.25,3.0],"rotation":0,"texture":"#0","tintindex":0},"south":{"uv":[7.125,3.125,7.25,3.125],"rotation":0,"texture":"#0","tintindex":0},"north":{"uv":[7.125,2.875,7.25,2.875],"rotation":0,"texture":"#0","tintindex":0},"west":{"uv":[7.125,3.25,7.25,3.25],"rotation":0,"texture":"#0","tintindex":0},"up":{"uv":[4.125,7.0,4.0,6.875],"rotation":0,"texture":"#0","tintindex":0},"down":{"uv":[4.375,6.875,4.25,7.0],"rotation":0,"texture":"#0","tintindex":0}}},{"from":[8.285714,5.742857,7.142857],"to":[8.857143,6.3142858,7.142857],"rotation":{"angle":0.0,"axis":"y","origin":[8.571428,6.028571,7.142857]},"faces":{"east":{"uv":[7.125,3.375,7.125,3.5],"rotation":0,"texture":"#0","tintindex":0},"south":{"uv":[4.75,6.875,4.875,7.0],"rotation":0,"texture":"#0","tintindex":0},"north":{"uv":[4.5,6.875,4.625,7.0],"rotation":0,"texture":"#0","tintindex":0},"west":{"uv":[7.125,3.625,7.125,3.75],"rotation":0,"texture":"#0","tintindex":0},"up":{"uv":[7.25,3.875,7.125,3.875],"rotation":0,"texture":"#0","tintindex":0},"down":{"uv":[4.125,7.125,4.0,7.125],"rotation":0,"texture":"#0","tintindex":0}}},{"from":[7.142857,6.3142858,7.142857],"to":[8.857143,8.028571,8.857143],"rotation":{"angle":0.0,"axis":"y","origin":[8.0,7.1714287,8.0]},"faces":{"east":{"uv":[1.375,5.875,1.75,6.25],"rotation":0,"texture":"#0","tintindex":0},"south":{"uv":[1.875,5.875,2.25,6.25],"rotation":0,"texture":"#0","tintindex":0},"north":{"uv":[0.875,5.875,1.25,6.25],"rotation":0,"texture":"#0","tintindex":0},"west":{"uv":[2.375,5.875,2.75,6.25],"rotation":0,"texture":"#0","tintindex":0},"up":{"uv":[3.25,6.25,2.875,5.875],"rotation":0,"texture":"#0","tintindex":0},"down":{"uv":[3.75,5.875,3.375,6.25],"rotation":0,"texture":"#0","tintindex":0}}}],"display":{"head":{"translation":[0.0,-6.4,0.0],"scale":[4.0,4.0,4.0]}}}