{"textures":{"0":"modelengine:entity/pet_ice_dragon"},"elements":[{"from":[8.285714,5.742857,7.142857],"to":[8.857143,6.3142858,7.142857],"rotation":{"angle":0.0,"axis":"y","origin":[8.571428,6.028571,7.142857]},"faces":{"east":{"uv":[6.5,3.75,6.5,3.875],"rotation":0,"texture":"#0","tintindex":0},"south":{"uv":[0.75,7.375,0.875,7.5],"rotation":0,"texture":"#0","tintindex":0},"north":{"uv":[0.5,7.375,0.625,7.5],"rotation":0,"texture":"#0","tintindex":0},"west":{"uv":[0.5,7.625,0.5,7.75],"rotation":0,"texture":"#0","tintindex":0},"up":{"uv":[7.625,7.375,7.5,7.375],"rotation":0,"texture":"#0","tintindex":0},"down":{"uv":[0.75,7.625,0.625,7.625],"rotation":0,"texture":"#0","tintindex":0}}},{"from":[8.285714,5.742857,7.142857],"to":[8.857143,5.742857,7.714286],"rotation":{"angle":0.0,"axis":"y","origin":[8.571428,5.742857,7.428571]},"faces":{"east":{"uv":[7.625,0.875,7.75,0.875],"rotation":0,"texture":"#0","tintindex":0},"south":{"uv":[7.625,1.0,7.75,1.0],"rotation":0,"texture":"#0","tintindex":0},"north":{"uv":[0.875,7.625,1.0,7.625],"rotation":0,"texture":"#0","tintindex":0},"west":{"uv":[7.625,1.125,7.75,1.125],"rotation":0,"texture":"#0","tintindex":0},"up":{"uv":[1.125,7.5,1.0,7.375],"rotation":0,"texture":"#0","tintindex":0},"down":{"uv":[4.625,7.375,4.5,7.5],"rotation":0,"texture":"#0","tintindex":0}}},{"from":[7.142857,5.742857,7.142857],"to":[7.714286,5.742857,7.714286],"rotation":{"angle":0.0,"axis":"y","origin":[7.428571,5.742857,7.428571]},"faces":{"east":{"uv":[7.625,1.5,7.75,1.5],"rotation":0,"texture":"#0","tintindex":0},"south":{"uv":[7.625,1.625,7.75,1.625],"rotation":0,"texture":"#0","tintindex":0},"north":{"uv":[7.625,1.25,7.75,1.25],"rotation":0,"texture":"#0","tintindex":0},"west":{"uv":[7.625,1.75,7.75,1.75],"rotation":0,"texture":"#0","tintindex":0},"up":{"uv":[4.875,7.5,4.75,7.375],"rotation":0,"texture":"#0","tintindex":0},"down":{"uv":[5.125,7.375,5.0,7.5],"rotation":0,"texture":"#0","tintindex":0}}},{"from":[7.142857,5.742857,7.142857],"to":[7.714286,6.3142858,7.142857],"rotation":{"angle":0.0,"axis":"y","origin":[7.428571,6.028571,7.142857]},"faces":{"east":{"uv":[1.125,7.625,1.125,7.75],"rotation":0,"texture":"#0","tintindex":0},"south":{"uv":[5.5,7.375,5.625,7.5],"rotation":0,"texture":"#0","tintindex":0},"north":{"uv":[5.25,7.375,5.375,7.5],"rotation":0,"texture":"#0","tintindex":0},"west":{"uv":[4.5,7.625,4.5,7.75],"rotation":0,"texture":"#0","tintindex":0},"up":{"uv":[4.75,7.625,4.625,7.625],"rotation":0,"texture":"#0","tintindex":0},"down":{"uv":[7.75,4.625,7.625,4.625],"rotation":0,"texture":"#0","tintindex":0}}},{"from":[7.142857,6.3142858,7.142857],"to":[8.857143,8.028571,8.857143],"rotation":{"angle":0.0,"axis":"y","origin":[8.0,7.1714287,8.0]},"faces":{"east":{"uv":[6.375,2.25,6.75,2.625],"rotation":0,"texture":"#0","tintindex":0},"south":{"uv":[6.375,2.75,6.75,3.125],"rotation":0,"texture":"#0","tintindex":0},"north":{"uv":[6.375,1.0,6.75,1.375],"rotation":0,"texture":"#0","tintindex":0},"west":{"uv":[6.5,3.25,6.875,3.625],"rotation":0,"texture":"#0","tintindex":0},"up":{"uv":[6.875,5.0,6.5,4.625],"rotation":0,"texture":"#0","tintindex":0},"down":{"uv":[6.875,5.125,6.5,5.5],"rotation":0,"texture":"#0","tintindex":0}}}],"display":{"head":{"translation":[0.0,-6.4,0.0],"scale":[4.0,4.0,4.0]}}}