{"textures":{"0":"modelengine:entity/pet_ice_dragon"},"elements":[{"from":[7.142857,6.3142858,7.142857],"to":[8.857143,8.028571,8.857143],"rotation":{"angle":0.0,"axis":"y","origin":[8.0,7.1714287,8.0]},"faces":{"east":{"uv":[6.125,4.125,6.5,4.5],"rotation":0,"texture":"#0","tintindex":0},"south":{"uv":[4.5,6.125,4.875,6.5],"rotation":0,"texture":"#0","tintindex":0},"north":{"uv":[2.5,6.125,2.875,6.5],"rotation":0,"texture":"#0","tintindex":0},"west":{"uv":[5.0,6.125,5.375,6.5],"rotation":0,"texture":"#0","tintindex":0},"up":{"uv":[5.875,6.5,5.5,6.125],"rotation":0,"texture":"#0","tintindex":0},"down":{"uv":[6.375,6.125,6.0,6.5],"rotation":0,"texture":"#0","tintindex":0}}},{"from":[7.142857,5.742857,7.142857],"to":[7.714286,6.3142858,7.142857],"rotation":{"angle":0.0,"axis":"y","origin":[7.428571,6.028571,7.142857]},"faces":{"east":{"uv":[3.625,5.5,3.625,5.625],"rotation":0,"texture":"#0","tintindex":0},"south":{"uv":[6.25,5.75,6.375,5.875],"rotation":0,"texture":"#0","tintindex":0},"north":{"uv":[5.375,5.0,5.5,5.125],"rotation":0,"texture":"#0","tintindex":0},"west":{"uv":[1.375,5.625,1.375,5.75],"rotation":0,"texture":"#0","tintindex":0},"up":{"uv":[5.125,3.375,5.0,3.375],"rotation":0,"texture":"#0","tintindex":0},"down":{"uv":[5.375,3.375,5.25,3.375],"rotation":0,"texture":"#0","tintindex":0}}},{"from":[7.142857,5.742857,7.142857],"to":[7.714286,5.742857,7.714286],"rotation":{"angle":0.0,"axis":"y","origin":[7.428571,5.742857,7.428571]},"faces":{"east":{"uv":[1.75,5.375,1.875,5.375],"rotation":0,"texture":"#0","tintindex":0},"south":{"uv":[5.75,2.25,5.875,2.25],"rotation":0,"texture":"#0","tintindex":0},"north":{"uv":[1.5,5.375,1.625,5.375],"rotation":0,"texture":"#0","tintindex":0},"west":{"uv":[6.25,6.0,6.375,6.0],"rotation":0,"texture":"#0","tintindex":0},"up":{"uv":[6.75,2.125,6.625,2.0],"rotation":0,"texture":"#0","tintindex":0},"down":{"uv":[4.125,7.25,4.0,7.375],"rotation":0,"texture":"#0","tintindex":0}}},{"from":[8.285714,5.742857,7.142857],"to":[8.857143,5.742857,7.714286],"rotation":{"angle":0.0,"axis":"y","origin":[8.571428,5.742857,7.428571]},"faces":{"east":{"uv":[7.5,6.875,7.625,6.875],"rotation":0,"texture":"#0","tintindex":0},"south":{"uv":[7.5,7.0,7.625,7.0],"rotation":0,"texture":"#0","tintindex":0},"north":{"uv":[7.125,1.875,7.25,1.875],"rotation":0,"texture":"#0","tintindex":0},"west":{"uv":[7.5,7.125,7.625,7.125],"rotation":0,"texture":"#0","tintindex":0},"up":{"uv":[4.375,7.375,4.25,7.25],"rotation":0,"texture":"#0","tintindex":0},"down":{"uv":[7.375,4.25,7.25,4.375],"rotation":0,"texture":"#0","tintindex":0}}},{"from":[8.285714,5.742857,7.142857],"to":[8.857143,6.3142858,7.142857],"rotation":{"angle":0.0,"axis":"y","origin":[8.571428,6.028571,7.142857]},"faces":{"east":{"uv":[3.625,5.75,3.625,5.875],"rotation":0,"texture":"#0","tintindex":0},"south":{"uv":[7.25,7.25,7.375,7.375],"rotation":0,"texture":"#0","tintindex":0},"north":{"uv":[7.0,7.25,7.125,7.375],"rotation":0,"texture":"#0","tintindex":0},"west":{"uv":[1.375,5.875,1.375,6.0],"rotation":0,"texture":"#0","tintindex":0},"up":{"uv":[7.625,7.25,7.5,7.25],"rotation":0,"texture":"#0","tintindex":0},"down":{"uv":[7.5,7.5,7.375,7.5],"rotation":0,"texture":"#0","tintindex":0}}}],"display":{"head":{"translation":[0.0,-6.4,0.0],"scale":[4.0,4.0,4.0]}}}