{"textures":{"0":"modelengine:entity/pet_undead_dragon"},"elements":[{"from":[5.428571,6.0683517,4.8735313],"to":[10.571428,11.211209,11.159246],"rotation":{"angle":0.0,"axis":"y","origin":[8.0,8.63978,8.016389]},"faces":{"east":{"uv":[0.0,0.0,1.375,1.125],"rotation":0,"texture":"#0","tintindex":0},"south":{"uv":[2.75,0.0,3.875,1.125],"rotation":0,"texture":"#0","tintindex":0},"north":{"uv":[0.0,2.5,1.125,3.625],"rotation":0,"texture":"#0","tintindex":0},"west":{"uv":[0.0,1.25,1.375,2.375],"rotation":0,"texture":"#0","tintindex":0},"up":{"uv":[2.625,1.375,1.5,0.0],"rotation":0,"texture":"#0","tintindex":0},"down":{"uv":[2.625,1.5,1.5,2.875],"rotation":0,"texture":"#0","tintindex":0}}},{"from":[4.5985527,11.955421,5.44496],"to":[4.5985527,15.383993,11.159246],"rotation":{"angle":22.5,"axis":"z","origin":[6.8842673,13.669708,8.302103]},"faces":{"east":{"uv":[4.0,2.125,2.75,2.875],"rotation":0,"texture":"#0","tintindex":0},"south":{"uv":[4.75,7.375,4.75,8.125],"rotation":0,"texture":"#0","tintindex":0},"north":{"uv":[0.75,7.375,0.75,8.125],"rotation":0,"texture":"#0","tintindex":0},"west":{"uv":[2.75,2.125,4.0,2.875],"rotation":0,"texture":"#0","tintindex":0},"up":{"uv":[4.875,8.625,4.875,7.375],"rotation":0,"texture":"#0","tintindex":0},"down":{"uv":[5.0,7.375,5.0,8.625],"rotation":0,"texture":"#0","tintindex":0}}},{"from":[11.401447,11.955421,5.44496],"to":[11.401447,15.383993,11.159246],"rotation":{"angle":-22.5,"axis":"z","origin":[9.115732,13.669708,8.302103]},"faces":{"east":{"uv":[4.0,2.125,2.75,2.875],"rotation":0,"texture":"#0","tintindex":0},"south":{"uv":[4.75,7.375,4.75,8.125],"rotation":0,"texture":"#0","tintindex":0},"north":{"uv":[0.75,7.375,0.75,8.125],"rotation":0,"texture":"#0","tintindex":0},"west":{"uv":[2.75,2.125,4.0,2.875],"rotation":0,"texture":"#0","tintindex":0},"up":{"uv":[4.875,8.625,4.875,7.375],"rotation":0,"texture":"#0","tintindex":0},"down":{"uv":[5.0,7.375,5.0,8.625],"rotation":0,"texture":"#0","tintindex":0}}},{"from":[4.096549,7.7826376,6.427203],"to":[4.096549,11.211209,9.284347],"rotation":{"angle":-22.5,"axis":"y","origin":[8.667977,-15.074505,8.998632]},"faces":{"east":{"uv":[0.625,4.75,0.0,5.5],"rotation":0,"texture":"#0","tintindex":0},"south":{"uv":[4.375,7.625,4.375,8.375],"rotation":0,"texture":"#0","tintindex":0},"north":{"uv":[4.25,7.625,4.25,8.375],"rotation":0,"texture":"#0","tintindex":0},"west":{"uv":[0.0,4.75,0.625,5.5],"rotation":0,"texture":"#0","tintindex":0},"up":{"uv":[4.5,8.25,4.5,7.625],"rotation":0,"texture":"#0","tintindex":0},"down":{"uv":[4.625,7.625,4.625,8.25],"rotation":0,"texture":"#0","tintindex":0}}},{"from":[11.903451,7.7826376,6.427203],"to":[11.903451,11.211209,9.284347],"rotation":{"angle":22.5,"axis":"y","origin":[7.332022,-15.074505,8.998632]},"faces":{"east":{"uv":[0.625,4.75,0.0,5.5],"rotation":0,"texture":"#0","tintindex":0},"south":{"uv":[4.375,7.625,4.375,8.375],"rotation":0,"texture":"#0","tintindex":0},"north":{"uv":[4.25,7.625,4.25,8.375],"rotation":0,"texture":"#0","tintindex":0},"west":{"uv":[0.0,4.75,0.625,5.5],"rotation":0,"texture":"#0","tintindex":0},"up":{"uv":[4.5,8.25,4.5,7.625],"rotation":0,"texture":"#0","tintindex":0},"down":{"uv":[4.625,7.625,4.625,8.25],"rotation":0,"texture":"#0","tintindex":0}}},{"from":[5.442857,10.883789,5.376725],"to":[6.5857143,13.740932,6.519582],"rotation":{"angle":22.5,"axis":"x","origin":[6.0142856,12.312361,5.9481535]},"faces":{"east":{"uv":[4.25,5.875,4.5,6.5],"rotation":0,"texture":"#0","tintindex":0},"south":{"uv":[4.625,5.875,4.875,6.5],"rotation":0,"texture":"#0","tintindex":0},"north":{"uv":[5.875,3.0,6.125,3.625],"rotation":0,"texture":"#0","tintindex":0},"west":{"uv":[5.0,5.875,5.25,6.5],"rotation":0,"texture":"#0","tintindex":0},"up":{"uv":[1.125,7.375,0.875,7.125],"rotation":0,"texture":"#0","tintindex":0},"down":{"uv":[7.375,1.0,7.125,1.25],"rotation":0,"texture":"#0","tintindex":0}}},{"from":[9.414286,10.883789,5.376725],"to":[10.557143,13.740932,6.519582],"rotation":{"angle":22.5,"axis":"x","origin":[9.985714,12.312361,5.9481535]},"faces":{"east":{"uv":[5.75,5.875,6.0,6.5],"rotation":0,"texture":"#0","tintindex":0},"south":{"uv":[1.5,6.0,1.75,6.625],"rotation":0,"texture":"#0","tintindex":0},"north":{"uv":[5.375,5.875,5.625,6.5],"rotation":0,"texture":"#0","tintindex":0},"west":{"uv":[1.875,6.0,2.125,6.625],"rotation":0,"texture":"#0","tintindex":0},"up":{"uv":[1.5,7.375,1.25,7.125],"rotation":0,"texture":"#0","tintindex":0},"down":{"uv":[1.875,7.125,1.625,7.375],"rotation":0,"texture":"#0","tintindex":0}}},{"from":[6.0,7.211209,3.159246],"to":[10.0,8.925495,4.8735313],"rotation":{"angle":0.0,"axis":"y","origin":[8.0,8.068352,4.016389]},"faces":{"east":{"uv":[6.125,4.5,6.5,4.875],"rotation":0,"texture":"#0","tintindex":0},"south":{"uv":[4.875,2.0,5.75,2.375],"rotation":0,"texture":"#0","tintindex":0},"north":{"uv":[1.5,4.875,2.375,5.25],"rotation":0,"texture":"#0","tintindex":0},"west":{"uv":[6.125,5.875,6.5,6.25],"rotation":0,"texture":"#0","tintindex":0},"up":{"uv":[3.375,5.25,2.5,4.875],"rotation":0,"texture":"#0","tintindex":0},"down":{"uv":[5.75,2.5,4.875,2.875],"rotation":0,"texture":"#0","tintindex":0}}},{"from":[6.0,6.0683517,3.159246],"to":[10.0,7.211209,3.159246],"rotation":{"angle":0.0,"axis":"y","origin":[8.0,8.068352,4.016389]},"faces":{"east":{"uv":[5.125,7.625,5.125,7.875],"rotation":0,"texture":"#0","tintindex":0},"south":{"uv":[6.5,0.375,5.625,0.625],"rotation":0,"texture":"#0","tintindex":0},"north":{"uv":[5.625,0.375,6.5,0.625],"rotation":0,"texture":"#0","tintindex":0},"west":{"uv":[5.25,7.625,5.25,7.875],"rotation":0,"texture":"#0","tintindex":0},"up":{"uv":[8.5,7.25,7.625,7.25],"rotation":0,"texture":"#0","tintindex":0},"down":{"uv":[8.5,7.375,7.625,7.375],"rotation":0,"texture":"#0","tintindex":0}}},{"from":[6.0,6.0683517,3.159246],"to":[6.0,7.211209,3.7306743],"rotation":{"angle":0.0,"axis":"y","origin":[8.0,8.068352,4.016389]},"faces":{"east":{"uv":[5.25,7.125,5.125,7.375],"rotation":0,"texture":"#0","tintindex":0},"south":{"uv":[5.5,7.625,5.5,7.875],"rotation":0,"texture":"#0","tintindex":0},"north":{"uv":[5.375,7.625,5.375,7.875],"rotation":0,"texture":"#0","tintindex":0},"west":{"uv":[5.125,7.125,5.25,7.375],"rotation":0,"texture":"#0","tintindex":0},"up":{"uv":[5.75,7.75,5.75,7.625],"rotation":0,"texture":"#0","tintindex":0},"down":{"uv":[5.875,7.625,5.875,7.75],"rotation":0,"texture":"#0","tintindex":0}}},{"from":[10.0,6.0683517,3.159246],"to":[10.0,7.211209,3.7306743],"rotation":{"angle":0.0,"axis":"y","origin":[8.0,8.068352,4.016389]},"faces":{"east":{"uv":[7.125,5.125,7.25,5.375],"rotation":0,"texture":"#0","tintindex":0},"south":{"uv":[0.375,7.75,0.375,8.0],"rotation":0,"texture":"#0","tintindex":0},"north":{"uv":[7.625,7.5,7.625,7.75],"rotation":0,"texture":"#0","tintindex":0},"west":{"uv":[7.25,5.125,7.125,5.375],"rotation":0,"texture":"#0","tintindex":0},"up":{"uv":[0.5,7.875,0.5,7.75],"rotation":0,"texture":"#0","tintindex":0},"down":{"uv":[1.0,7.75,1.0,7.875],"rotation":0,"texture":"#0","tintindex":0}}},{"from":[6.0142856,6.299397,3.3129773],"to":[6.0142856,7.442254,5.0272627],"rotation":{"angle":-22.5,"axis":"x","origin":[6.0142856,6.870826,4.1701202]},"faces":{"east":{"uv":[6.75,3.625,7.125,3.875],"rotation":0,"texture":"#0","tintindex":0},"south":{"uv":[7.5,6.0,7.5,6.25],"rotation":0,"texture":"#0","tintindex":0},"north":{"uv":[6.0,7.5,6.0,7.75],"rotation":0,"texture":"#0","tintindex":0},"west":{"uv":[3.75,6.75,4.125,7.0],"rotation":0,"texture":"#0","tintindex":0},"up":{"uv":[6.125,7.875,6.125,7.5],"rotation":0,"texture":"#0","tintindex":0},"down":{"uv":[6.25,7.5,6.25,7.875],"rotation":0,"texture":"#0","tintindex":0}}},{"from":[9.985714,6.299397,3.3129773],"to":[9.985714,7.442254,5.0272627],"rotation":{"angle":-22.5,"axis":"x","origin":[9.985714,6.870826,4.1701202]},"faces":{"east":{"uv":[3.125,7.0,3.5,7.25],"rotation":0,"texture":"#0","tintindex":0},"south":{"uv":[7.5,7.5,7.5,7.75],"rotation":0,"texture":"#0","tintindex":0},"north":{"uv":[7.25,7.5,7.25,7.75],"rotation":0,