{"textures":{"0":"modelengine:entity/wind_tornado"},"elements":[{"from":[4.022363,8.649822,6.882951],"to":[6.879506,12.078394,9.740094],"rotation":{"angle":22.5,"axis":"z","origin":[8.034386,15.436865,7.859597]},"faces":{"east":{"uv":[2.5,12.5,3.75,14.0],"rotation":0,"texture":"#0","tintindex":0},"south":{"uv":[2.5,12.5,3.75,14.0],"rotation":0,"texture":"#0","tintindex":0},"north":{"uv":[2.5,12.5,3.75,14.0],"rotation":0,"texture":"#0","tintindex":0},"west":{"uv":[3.75,12.5,2.5,14.0],"rotation":0,"texture":"#0","tintindex":0},"up":{"uv":[7.25,15.0,6.0,13.75],"rotation":0,"texture":"#0","tintindex":0},"down":{"uv":[7.25,15.0,6.0,13.75],"rotation":0,"texture":"#0","tintindex":0}}},{"from":[7.223162,10.165966,6.3115225],"to":[11.223163,12.451681,10.3115225],"rotation":{"angle":-22.5,"axis":"z","origin":[8.034386,15.436865,7.859597]},"faces":{"east":{"uv":[15.25,6.0,13.5,7.0],"rotation":0,"texture":"#0","tintindex":0},"south":{"uv":[13.5,6.0,15.25,7.0],"rotation":0,"texture":"#0","tintindex":0},"north":{"uv":[13.5,6.0,15.25,7.0],"rotation":0,"texture":"#0","tintindex":0},"west":{"uv":[15.25,6.0,13.5,7.0],"rotation":0,"texture":"#0","tintindex":0},"up":{"uv":[6.75,13.5,5.0,11.75],"rotation":0,"texture":"#0","tintindex":0},"down":{"uv":[6.75,13.5,5.0,11.75],"rotation":0,"texture":"#0","tintindex":0}}},{"from":[5.427644,11.902702,6.5311465],"to":[10.570501,14.759846,11.674004],"rotation":{"angle":22.5,"axis":"x","origin":[8.034386,15.436865,7.859597]},"faces":{"east":{"uv":[11.5,11.75,13.75,13.0],"rotation":0,"texture":"#0","tintindex":0},"south":{"uv":[13.75,11.75,11.5,13.0],"rotation":0,"texture":"#0","tintindex":0},"north":{"uv":[13.75,11.75,11.5,13.0],"rotation":0,"texture":"#0","tintindex":0},"west":{"uv":[11.5,11.75,13.75,13.0],"rotation":0,"texture":"#0","tintindex":0},"up":{"uv":[2.25,12.25,0.0,10.0],"rotation":0,"texture":"#0","tintindex":0},"down":{"uv":[2.25,12.25,0.0,10.0],"rotation":0,"texture":"#0","tintindex":0}}},{"from":[4.856215,13.675161,4.1414433],"to":[11.14193,16.532303,10.427158],"rotation":{"angle":-22.5,"axis":"x","origin":[8.034386,15.436865,7.859597]},"faces":{"east":{"uv":[11.5,0.0,14.25,1.25],"rotation":0,"texture":"#0","tintindex":0},"south":{"uv":[14.25,0.0,11.5,1.25],"rotation":0,"texture":"#0","tintindex":0},"north":{"uv":[14.25,0.0,11.5,1.25],"rotation":0,"texture":"#0","tintindex":0},"west":{"uv":[11.5,0.0,14.25,1.25],"rotation":0,"texture":"#0","tintindex":0},"up":{"uv":[6.75,9.75,4.0,7.0],"rotation":0,"texture":"#0","tintindex":0},"down":{"uv":[6.75,9.75,4.0,7.0],"rotation":0,"texture":"#0","tintindex":0}}},{"from":[3.831419,15.71204,3.5533314],"to":[11.259991,19.140612,10.981903],"rotation":{"angle":-22.5,"axis":"z","origin":[8.034386,15.436865,7.859597]},"faces":{"east":{"uv":[8.25,10.0,5.0,11.5],"rotation":0,"texture":"#0","tintindex":0},"south":{"uv":[5.0,10.0,8.25,11.5],"rotation":0,"texture":"#0","tintindex":0},"north":{"uv":[5.0,10.0,8.25,11.5],"rotation":0,"texture":"#0","tintindex":0},"west":{"uv":[8.25,10.0,5.0,11.5],"rotation":0,"texture":"#0","tintindex":0},"up":{"uv":[7.25,3.25,4.0,0.0],"rotation":0,"texture":"#0","tintindex":0},"down":{"uv":[7.25,3.25,4.0,0.0],"rotation":0,"texture":"#0","tintindex":0}}},{"from":[4.2301173,18.906662,1.9489727],"to":[12.801546,22.906662,10.520402],"rotation":{"angle":22.5,"axis":"x","origin":[8.034386,15.436865,7.859597]},"faces":{"east":{"uv":[11.25,0.0,7.5,1.75],"rotation":0,"texture":"#0","tintindex":0},"south":{"uv":[7.5,0.0,11.25,1.75],"rotation":0,"texture":"#0","tintindex":0},"north":{"uv":[7.5,0.0,11.25,1.75],"rotation":0,"texture":"#0","tintindex":0},"west":{"uv":[11.25,0.0,7.5,1.75],"rotation":0,"texture":"#0","tintindex":0},"up":{"uv":[3.75,3.75,0.0,0.0],"rotation":0,"texture":"#0","tintindex":0},"down":{"uv":[3.75,3.75,0.0,0.0],"rotation":0,"texture":"#0","tintindex":0}}}],"display":{"head":{"translation":[0.0,-6.4,0.0],"scale":[4.0,4.0,4.0]}}}