{"textures":{"0":"modelengine:entity/pet_fire_dragon"},"elements":[{"from":[5.428571,6.0683517,4.8735313],"to":[10.571428,11.211209,11.159246],"rotation":{"angle":0.0,"axis":"y","origin":[8.0,8.63978,8.016389]},"faces":{"east":{"uv":[0.0,0.0,1.375,1.125],"rotation":0,"texture":"#0","tintindex":0},"south":{"uv":[2.75,0.0,3.875,1.125],"rotation":0,"texture":"#0","tintindex":0},"north":{"uv":[0.0,2.5,1.125,3.625],"rotation":0,"texture":"#0","tintindex":0},"west":{"uv":[0.0,1.25,1.375,2.375],"rotation":0,"texture":"#0","tintindex":0},"up":{"uv":[2.625,1.375,1.5,0.0],"rotation":0,"texture":"#0","tintindex":0},"down":{"uv":[2.625,1.5,1.5,2.875],"rotation":0,"texture":"#0","tintindex":0}}},{"from":[8.0,11.211209,4.8735313],"to":[8.0,14.63978,10.587817],"rotation":{"angle":0.0,"axis":"y","origin":[8.0,12.925495,7.7306747]},"faces":{"east":{"uv":[2.75,1.25,4.0,2.0],"rotation":0,"texture":"#0","tintindex":0},"south":{"uv":[2.0,6.875,2.0,7.625],"rotation":0,"texture":"#0","tintindex":0},"north":{"uv":[3.25,6.75,3.25,7.5],"rotation":0,"texture":"#0","tintindex":0},"west":{"uv":[2.75,2.125,4.0,2.875],"rotation":0,"texture":"#0","tintindex":0},"up":{"uv":[2.125,8.125,2.125,6.875],"rotation":0,"texture":"#0","tintindex":0},"down":{"uv":[2.25,6.875,2.25,8.125],"rotation":0,"texture":"#0","tintindex":0}}},{"from":[4.301114,9.93786,4.8735313],"to":[4.301114,13.366431,10.587817],"rotation":{"angle":22.5,"axis":"z","origin":[4.7725425,12.795003,7.7306747]},"faces":{"east":{"uv":[3.875,3.0,2.625,3.75],"rotation":0,"texture":"#0","tintindex":0},"south":{"uv":[5.5,7.125,5.5,7.875],"rotation":0,"texture":"#0","tintindex":0},"north":{"uv":[3.125,7.125,3.125,7.875],"rotation":0,"texture":"#0","tintindex":0},"west":{"uv":[2.625,3.0,3.875,3.75],"rotation":0,"texture":"#0","tintindex":0},"up":{"uv":[6.0,8.375,6.0,7.125],"rotation":0,"texture":"#0","tintindex":0},"down":{"uv":[6.125,7.125,6.125,8.375],"rotation":0,"texture":"#0","tintindex":0}}},{"from":[11.698886,9.93786,4.8735313],"to":[11.698886,13.366431,10.587817],"rotation":{"angle":-22.5,"axis":"z","origin":[11.227457,12.795003,7.7306747]},"faces":{"east":{"uv":[3.875,3.0,2.625,3.75],"rotation":0,"texture":"#0","tintindex":0},"south":{"uv":[5.5,7.125,5.5,7.875],"rotation":0,"texture":"#0","tintindex":0},"north":{"uv":[3.125,7.125,3.125,7.875],"rotation":0,"texture":"#0","tintindex":0},"west":{"uv":[2.625,3.0,3.875,3.75],"rotation":0,"texture":"#0","tintindex":0},"up":{"uv":[6.0,8.375,6.0,7.125],"rotation":0,"texture":"#0","tintindex":0},"down":{"uv":[6.125,7.125,6.125,8.375],"rotation":0,"texture":"#0","tintindex":0}}},{"from":[5.442857,10.883789,5.376725],"to":[6.5857143,13.740932,6.519582],"rotation":{"angle":22.5,"axis":"x","origin":[6.0142856,12.312361,5.9481535]},"faces":{"east":{"uv":[3.25,5.25,3.5,5.875],"rotation":0,"texture":"#0","tintindex":0},"south":{"uv":[3.625,5.25,3.875,5.875],"rotation":0,"texture":"#0","tintindex":0},"north":{"uv":[2.875,5.25,3.125,5.875],"rotation":0,"texture":"#0","tintindex":0},"west":{"uv":[4.875,5.25,5.125,5.875],"rotation":0,"texture":"#0","tintindex":0},"up":{"uv":[3.625,6.75,3.375,6.5],"rotation":0,"texture":"#0","tintindex":0},"down":{"uv":[4.75,6.5,4.5,6.75],"rotation":0,"texture":"#0","tintindex":0}}},{"from":[9.414286,10.883789,5.376725],"to":[10.557143,13.740932,6.519582],"rotation":{"angle":22.5,"axis":"x","origin":[9.985714,12.312361,5.9481535]},"faces":{"east":{"uv":[0.875,5.375,1.125,6.0],"rotation":0,"texture":"#0","tintindex":0},"south":{"uv":[1.25,5.375,1.5,6.0],"rotation":0,"texture":"#0","tintindex":0},"north":{"uv":[5.25,5.25,5.5,5.875],"rotation":0,"texture":"#0","tintindex":0},"west":{"uv":[1.625,5.375,1.875,6.0],"rotation":0,"texture":"#0","tintindex":0},"up":{"uv":[5.125,6.75,4.875,6.5],"rotation":0,"texture":"#0","tintindex":0},"down":{"uv":[5.5,6.5,5.25,6.75],"rotation":0,"texture":"#0","tintindex":0}}},{"from":[6.0,7.211209,3.159246],"to":[10.0,8.925495,4.8735313],"rotation":{"angle":0.0,"axis":"y","origin":[8.0,8.068352,4.016389]},"faces":{"east":{"uv":[2.0,5.625,2.375,6.0],"rotation":0,"texture":"#0","tintindex":0},"south":{"uv":[4.125,2.5,5.0,2.875],"rotation":0,"texture":"#0","tintindex":0},"north":{"uv":[4.125,2.0,5.0,2.375],"rotation":0,"texture":"#0","tintindex":0},"west":{"uv":[5.625,5.0,6.0,5.375],"rotation":0,"texture":"#0","tintindex":0},"up":{"uv":[0.875,5.125,0.0,4.75],"rotation":0,"texture":"#0","tintindex":0},"down":{"uv":[5.75,0.0,4.875,0.375],"rotation":0,"texture":"#0","tintindex":0}}},{"from":[6.0142856,6.299397,3.3129773],"to":[6.0142856,7.442254,5.0272627],"rotation":{"angle":-22.5,"axis":"x","origin":[6.0142856,6.870826,4.1701202]},"faces":{"east":{"uv":[6.375,1.125,6.75,1.375],"rotation":0,"texture":"#0","tintindex":0},"south":{"uv":[4.125,7.0,4.125,7.25],"rotation":0,"texture":"#0","tintindex":0},"north":{"uv":[7.0,3.875,7.0,4.125],"rotation":0,"texture":"#0","tintindex":0},"west":{"uv":[6.375,3.875,6.75,4.125],"rotation":0,"texture":"#0","tintindex":0},"up":{"uv":[4.25,7.375,4.25,7.0],"rotation":0,"texture":"#0","tintindex":0},"down":{"uv":[4.375,7.0,4.375,7.375],"rotation":0,"texture":"#0","tintindex":0}}},{"from":[9.985714,6.299397,3.3129773],"to":[9.985714,7.442254,5.0272627],"rotation":{"angle":-22.5,"axis":"x","origin":[9.985714,6.870826,4.1701202]},"faces":{"east":{"uv":[6.5,1.875,6.875,2.125],"rotation":0,"texture":"#0","tintindex":0},"south":{"uv":[5.375,7.0,5.375,7.25],"rotation":0,"texture":"#0","tintindex":0},"north":{"uv":[7.0,5.25,7.0,5.5],"rotation":0,"texture":"#0","tintindex":0},"west":{"uv":[2.0,6.5,2.375,6.75],"rotation":0,"texture":"#0","tintindex":0},"up":{"uv":[5.625,7.375,5.625,7.0],"rotation":0,"texture":"#0","tintindex":0},"down":{"uv":[5.75,7.0,5.75,7.375],"rotation":0,"texture":"#0","tintindex":0}}}],"display":{"head":{"translation":[0.0,-6.4,0.0],"scale":[4.0,4.0,4.0]}}}