{"textures":{"0":"modelengine:entity/crocodile"},"elements":[{"from":[5.714286,7.5714283,-2.285715],"to":[10.285714,8.714286,-2.285715],"rotation":{"angle":0.0,"axis":"y","origin":[8.571428,8.7,14.571428]},"faces":{"east":{"uv":[5.125,2.375,5.125,2.625],"rotation":0,"texture":"#0","tintindex":0},"south":{"uv":[7.375,8.25,8.375,8.5],"rotation":0,"texture":"#0","tintindex":0},"north":{"uv":[6.25,8.25,7.25,8.5],"rotation":0,"texture":"#0","tintindex":0},"west":{"uv":[5.25,2.375,5.25,2.625],"rotation":0,"texture":"#0","tintindex":0},"up":{"uv":[6.25,1.25,5.25,1.25],"rotation":0,"texture":"#0","tintindex":0},"down":{"uv":[9.5,7.25,8.5,7.25],"rotation":0,"texture":"#0","tintindex":0}}},{"from":[5.142857,5.8571424,3.142857],"to":[10.857143,8.142858,8.857143],"rotation":{"angle":0.0,"axis":"y","origin":[8.571428,8.7,14.571428]},"faces":{"east":{"uv":[6.25,0.5,7.5,1.0],"rotation":0,"texture":"#0","tintindex":0},"south":{"uv":[3.125,6.375,4.375,6.875],"rotation":0,"texture":"#0","tintindex":0},"north":{"uv":[0.625,6.125,1.875,6.625],"rotation":0,"texture":"#0","tintindex":0},"west":{"uv":[4.5,6.375,5.75,6.875],"rotation":0,"texture":"#0","tintindex":0},"up":{"uv":[2.25,5.0,1.0,3.75],"rotation":0,"texture":"#0","tintindex":0},"down":{"uv":[3.625,3.75,2.375,5.0],"rotation":0,"texture":"#0","tintindex":0}}},{"from":[5.714286,7.5714283,-2.285715],"to":[5.714286,8.714286,3.4285712],"rotation":{"angle":0.0,"axis":"y","origin":[8.571428,8.7,14.571428]},"faces":{"east":{"uv":[7.625,6.375,8.875,6.625],"rotation":0,"texture":"#0","tintindex":0},"south":{"uv":[0.625,5.75,0.625,6.0],"rotation":0,"texture":"#0","tintindex":0},"north":{"uv":[5.375,2.375,5.375,2.625],"rotation":0,"texture":"#0","tintindex":0},"west":{"uv":[5.75,7.875,7.0,8.125],"rotation":0,"texture":"#0","tintindex":0},"up":{"uv":[2.25,10.375,2.25,9.125],"rotation":0,"texture":"#0","tintindex":0},"down":{"uv":[2.375,9.125,2.375,10.375],"rotation":0,"texture":"#0","tintindex":0}}},{"from":[5.714286,6.428571,-2.285715],"to":[10.285714,7.5714283,3.4285712],"rotation":{"angle":0.0,"axis":"y","origin":[8.571428,8.7,14.571428]},"faces":{"east":{"uv":[7.125,7.875,8.375,8.125],"rotation":0,"texture":"#0","tintindex":0},"south":{"uv":[8.375,0.0,9.375,0.25],"rotation":0,"texture":"#0","tintindex":0},"north":{"uv":[8.25,7.375,9.25,7.625],"rotation":0,"texture":"#0","tintindex":0},"west":{"uv":[2.25,8.0,3.5,8.25],"rotation":0,"texture":"#0","tintindex":0},"up":{"uv":[5.0,2.625,4.0,1.375],"rotation":0,"texture":"#0","tintindex":0},"down":{"uv":[6.0,3.75,5.0,5.0],"rotation":0,"texture":"#0","tintindex":0}}},{"from":[10.285714,7.5714283,-2.285715],"to":[10.285714,8.714286,3.4285712],"rotation":{"angle":0.0,"axis":"y","origin":[7.428571,8.7,14.571428]},"faces":{"east":{"uv":[3.625,8.0,4.875,8.25],"rotation":0,"texture":"#0","tintindex":0},"south":{"uv":[9.125,5.625,9.125,5.875],"rotation":0,"texture":"#0","tintindex":0},"north":{"uv":[3.375,9.125,3.375,9.375],"rotation":0,"texture":"#0","tintindex":0},"west":{"uv":[0.625,8.25,1.875,8.5],"rotation":0,"texture":"#0","tintindex":0},"up":{"uv":[7.75,10.375,7.75,9.125],"rotation":0,"texture":"#0","tintindex":0},"down":{"uv":[9.125,7.75,9.125,9.0],"rotation":0,"texture":"#0","tintindex":0}}}],"display":{"head":{"translation":[0.0,-6.4,0.0],"scale":[4.0,4.0,4.0]}}}