{"textures":{"0":"modelengine:entity/pet_thunder_dragon"},"elements":[{"from":[8.285714,5.742857,7.142857],"to":[8.857143,6.3142858,7.142857],"rotation":{"angle":0.0,"axis":"y","origin":[8.571428,6.028571,7.142857]},"faces":{"east":{"uv":[2.25,6.125,2.25,6.25],"rotation":0,"texture":"#0","tintindex":0},"south":{"uv":[2.25,6.625,2.375,6.75],"rotation":0,"texture":"#0","tintindex":0},"north":{"uv":[0.75,6.625,0.875,6.75],"rotation":0,"texture":"#0","tintindex":0},"west":{"uv":[2.875,6.875,2.875,7.0],"rotation":0,"texture":"#0","tintindex":0},"up":{"uv":[4.875,6.875,4.75,6.875],"rotation":0,"texture":"#0","tintindex":0},"down":{"uv":[7.0,4.75,6.875,4.75],"rotation":0,"texture":"#0","tintindex":0}}},{"from":[8.285714,5.742857,7.142857],"to":[8.857143,5.742857,7.714286],"rotation":{"angle":0.0,"axis":"y","origin":[8.571428,5.742857,7.428571]},"faces":{"east":{"uv":[6.875,5.0,7.0,5.0],"rotation":0,"texture":"#0","tintindex":0},"south":{"uv":[6.875,5.125,7.0,5.125],"rotation":0,"texture":"#0","tintindex":0},"north":{"uv":[6.875,4.875,7.0,4.875],"rotation":0,"texture":"#0","tintindex":0},"west":{"uv":[6.875,5.25,7.0,5.25],"rotation":0,"texture":"#0","tintindex":0},"up":{"uv":[2.625,6.75,2.5,6.625],"rotation":0,"texture":"#0","tintindex":0},"down":{"uv":[2.875,6.625,2.75,6.75],"rotation":0,"texture":"#0","tintindex":0}}},{"from":[7.142857,5.742857,7.142857],"to":[7.714286,5.742857,7.714286],"rotation":{"angle":0.0,"axis":"y","origin":[7.428571,5.742857,7.428571]},"faces":{"east":{"uv":[6.875,5.5,7.0,5.5],"rotation":0,"texture":"#0","tintindex":0},"south":{"uv":[6.875,5.625,7.0,5.625],"rotation":0,"texture":"#0","tintindex":0},"north":{"uv":[6.875,5.375,7.0,5.375],"rotation":0,"texture":"#0","tintindex":0},"west":{"uv":[6.875,6.75,7.0,6.75],"rotation":0,"texture":"#0","tintindex":0},"up":{"uv":[3.125,6.875,3.0,6.75],"rotation":0,"texture":"#0","tintindex":0},"down":{"uv":[3.375,6.75,3.25,6.875],"rotation":0,"texture":"#0","tintindex":0}}},{"from":[7.142857,5.742857,7.142857],"to":[7.714286,6.3142858,7.142857],"rotation":{"angle":0.0,"axis":"y","origin":[7.428571,6.028571,7.142857]},"faces":{"east":{"uv":[5.0,6.875,5.0,7.0],"rotation":0,"texture":"#0","tintindex":0},"south":{"uv":[6.75,3.75,6.875,3.875],"rotation":0,"texture":"#0","tintindex":0},"north":{"uv":[3.5,6.75,3.625,6.875],"rotation":0,"texture":"#0","tintindex":0},"west":{"uv":[6.875,6.875,6.875,7.0],"rotation":0,"texture":"#0","tintindex":0},"up":{"uv":[7.125,0.0,7.0,0.0],"rotation":0,"texture":"#0","tintindex":0},"down":{"uv":[7.125,0.125,7.0,0.125],"rotation":0,"texture":"#0","tintindex":0}}},{"from":[7.142857,6.3142858,7.142857],"to":[8.857143,8.028571,8.857143],"rotation":{"angle":0.0,"axis":"y","origin":[8.0,7.1714287,8.0]},"faces":{"east":{"uv":[3.375,5.75,3.75,6.125],"rotation":0,"texture":"#0","tintindex":0},"south":{"uv":[3.875,5.75,4.25,6.125],"rotation":0,"texture":"#0","tintindex":0},"north":{"uv":[5.625,3.75,6.0,4.125],"rotation":0,"texture":"#0","tintindex":0},"west":{"uv":[5.125,5.75,5.5,6.125],"rotation":0,"texture":"#0","tintindex":0},"up":{"uv":[6.0,6.125,5.625,5.75],"rotation":0,"texture":"#0","tintindex":0},"down":{"uv":[2.75,5.875,2.375,6.25],"rotation":0,"texture":"#0","tintindex":0}}}],"display":{"head":{"translation":[0.0,-6.4,0.0],"scale":[4.0,4.0,4.0]}}}