{"textures":{"0":"modelengine:entity/pet_thunder_dragon"},"elements":[{"from":[7.142857,5.742857,7.142857],"to":[7.714286,6.3142858,7.142857],"rotation":{"angle":0.0,"axis":"y","origin":[7.428571,6.028571,7.142857]},"faces":{"east":{"uv":[6.75,7.0,6.75,7.125],"rotation":0,"texture":"#0","tintindex":0},"south":{"uv":[6.375,6.75,6.5,6.875],"rotation":0,"texture":"#0","tintindex":0},"north":{"uv":[6.125,6.75,6.25,6.875],"rotation":0,"texture":"#0","tintindex":0},"west":{"uv":[7.0,6.875,7.0,7.0],"rotation":0,"texture":"#0","tintindex":0},"up":{"uv":[7.125,6.5,7.0,6.5],"rotation":0,"texture":"#0","tintindex":0},"down":{"uv":[0.125,7.125,0.0,7.125],"rotation":0,"texture":"#0","tintindex":0}}},{"from":[7.142857,5.742857,7.142857],"to":[7.714286,5.742857,7.714286],"rotation":{"angle":0.0,"axis":"y","origin":[7.428571,5.742857,7.428571]},"faces":{"east":{"uv":[7.125,0.25,7.25,0.25],"rotation":0,"texture":"#0","tintindex":0},"south":{"uv":[7.125,0.375,7.25,0.375],"rotation":0,"texture":"#0","tintindex":0},"north":{"uv":[0.25,7.125,0.375,7.125],"rotation":0,"texture":"#0","tintindex":0},"west":{"uv":[0.5,7.125,0.625,7.125],"rotation":0,"texture":"#0","tintindex":0},"up":{"uv":[6.875,6.5,6.75,6.375],"rotation":0,"texture":"#0","tintindex":0},"down":{"uv":[6.75,6.75,6.625,6.875],"rotation":0,"texture":"#0","tintindex":0}}},{"from":[8.285714,5.742857,7.142857],"to":[8.857143,5.742857,7.714286],"rotation":{"angle":0.0,"axis":"y","origin":[8.571428,5.742857,7.428571]},"faces":{"east":{"uv":[7.125,0.625,7.25,0.625],"rotation":0,"texture":"#0","tintindex":0},"south":{"uv":[0.75,7.125,0.875,7.125],"rotation":0,"texture":"#0","tintindex":0},"north":{"uv":[7.125,0.5,7.25,0.5],"rotation":0,"texture":"#0","tintindex":0},"west":{"uv":[7.125,0.75,7.25,0.75],"rotation":0,"texture":"#0","tintindex":0},"up":{"uv":[0.125,7.0,0.0,6.875],"rotation":0,"texture":"#0","tintindex":0},"down":{"uv":[0.375,6.875,0.25,7.0],"rotation":0,"texture":"#0","tintindex":0}}},{"from":[8.285714,5.742857,7.142857],"to":[8.857143,6.3142858,7.142857],"rotation":{"angle":0.0,"axis":"y","origin":[8.571428,6.028571,7.142857]},"faces":{"east":{"uv":[7.125,0.875,7.125,1.0],"rotation":0,"texture":"#0","tintindex":0},"south":{"uv":[0.75,6.875,0.875,7.0],"rotation":0,"texture":"#0","tintindex":0},"north":{"uv":[0.5,6.875,0.625,7.0],"rotation":0,"texture":"#0","tintindex":0},"west":{"uv":[7.125,1.125,7.125,1.25],"rotation":0,"texture":"#0","tintindex":0},"up":{"uv":[7.25,1.375,7.125,1.375],"rotation":0,"texture":"#0","tintindex":0},"down":{"uv":[7.25,1.5,7.125,1.5],"rotation":0,"texture":"#0","tintindex":0}}},{"from":[7.142857,6.3142858,7.142857],"to":[8.857143,8.028571,8.857143],"rotation":{"angle":0.0,"axis":"y","origin":[8.0,7.1714287,8.0]},"faces":{"east":{"uv":[6.0,4.25,6.375,4.625],"rotation":0,"texture":"#0","tintindex":0},"south":{"uv":[6.0,4.75,6.375,5.125],"rotation":0,"texture":"#0","tintindex":0},"north":{"uv":[6.0,2.0,6.375,2.375],"rotation":0,"texture":"#0","tintindex":0},"west":{"uv":[6.0,5.25,6.375,5.625],"rotation":0,"texture":"#0","tintindex":0},"up":{"uv":[0.375,6.5,0.0,6.125],"rotation":0,"texture":"#0","tintindex":0},"down":{"uv":[0.875,6.125,0.5,6.5],"rotation":0,"texture":"#0","tintindex":0}}}],"display":{"head":{"translation":[0.0,-6.4,0.0],"scale":[4.0,4.0,4.0]}}}