{"textures":{"0":"modelengine:entity/pet_ice_emperor_penguin"},"elements":[{"from":[8.540453,7.0070815,8.014286],"to":[11.397596,9.864224,8.014286],"rotation":{"angle":22.5,"axis":"z","origin":[8.540453,7.2927957,9.157143]},"faces":{"east":{"uv":[6.0,6.75,6.0,7.375],"rotation":0,"texture":"#0","tintindex":0},"south":{"uv":[3.875,2.0,4.5,2.625],"rotation":0,"texture":"#0","tintindex":0},"north":{"uv":[4.5,2.0,3.875,2.625],"rotation":0,"texture":"#0","tintindex":0},"west":{"uv":[5.875,6.75,5.875,7.375],"rotation":0,"texture":"#0","tintindex":0},"up":{"uv":[0.375,6.875,1.0,6.875],"rotation":0,"texture":"#0","tintindex":0},"down":{"uv":[6.875,0.75,7.5,0.75],"rotation":0,"texture":"#0","tintindex":0}}},{"from":[8.254739,5.007081,8.942857],"to":[9.397596,6.1499386,8.942857],"rotation":{"angle":22.5,"axis":"z","origin":[8.540453,7.2927957,8.085714]},"faces":{"east":{"uv":[5.75,6.75,5.75,7.0],"rotation":0,"texture":"#0","tintindex":0},"south":{"uv":[6.375,6.5,6.125,6.75],"rotation":0,"texture":"#0","tintindex":0},"north":{"uv":[6.125,6.5,6.375,6.75],"rotation":0,"texture":"#0","tintindex":0},"west":{"uv":[5.625,6.75,5.625,7.0],"rotation":0,"texture":"#0","tintindex":0},"up":{"uv":[6.5,6.75,6.75,6.75],"rotation":0,"texture":"#0","tintindex":0},"down":{"uv":[0.0,6.875,0.25,6.875],"rotation":0,"texture":"#0","tintindex":0}}},{"from":[8.254739,5.007081,7.2285714],"to":[9.397596,6.1499386,7.2285714],"rotation":{"angle":22.5,"axis":"z","origin":[8.540453,7.2927957,8.085714]},"faces":{"east":{"uv":[4.625,6.75,4.625,7.0],"rotation":0,"texture":"#0","tintindex":0},"south":{"uv":[6.5,4.75,6.75,5.0],"rotation":0,"texture":"#0","tintindex":0},"north":{"uv":[6.75,4.75,6.5,5.0],"rotation":0,"texture":"#0","tintindex":0},"west":{"uv":[4.25,6.75,4.25,7.0],"rotation":0,"texture":"#0","tintindex":0},"up":{"uv":[4.75,6.75,5.0,6.75],"rotation":0,"texture":"#0","tintindex":0},"down":{"uv":[5.125,6.75,5.375,6.75],"rotation":0,"texture":"#0","tintindex":0}}},{"from":[9.397596,5.007081,7.2285714],"to":[9.397596,6.1499386,8.942857],"rotation":{"angle":22.5,"axis":"z","origin":[8.540453,7.2927957,8.085714]},"faces":{"east":{"uv":[6.0,6.375,5.625,6.625],"rotation":0,"texture":"#0","tintindex":0},"south":{"uv":[3.875,6.75,3.875,7.0],"rotation":0,"texture":"#0","tintindex":0},"north":{"uv":[3.75,6.75,3.75,7.0],"rotation":0,"texture":"#0","tintindex":0},"west":{"uv":[5.625,6.375,6.0,6.625],"rotation":0,"texture":"#0","tintindex":0},"up":{"uv":[4.0,7.125,4.0,6.75],"rotation":0,"texture":"#0","tintindex":0},"down":{"uv":[4.125,6.75,4.125,7.125],"rotation":0,"texture":"#0","tintindex":0}}},{"from":[7.9690247,7.0070815,6.942857],"to":[9.6833105,8.721367,9.228572],"rotation":{"angle":22.5,"axis":"z","origin":[8.540453,7.2927957,8.085714]},"faces":{"east":{"uv":[0.5,5.625,0.0,6.0],"rotation":0,"texture":"#0","tintindex":0},"south":{"uv":[1.875,6.125,1.5,6.5],"rotation":0,"texture":"#0","tintindex":0},"north":{"uv":[1.375,6.125,1.0,6.5],"rotation":0,"texture":"#0","tintindex":0},"west":{"uv":[3.375,5.5,2.875,5.875],"rotation":0,"texture":"#0","tintindex":0},"up":{"uv":[3.5,6.25,3.875,5.75],"rotation":0,"texture":"#0","tintindex":0},"down":{"uv":[4.0,5.75,4.375,6.25],"rotation":0,"texture":"#0","tintindex":0}}},{"from":[7.68331,6.1499386,7.2285714],"to":[9.397596,8.435653,8.942857],"rotation":{"angle":22.5,"axis":"z","origin":[8.540453,7.2927957,8.085714]},"faces":{"east":{"uv":[5.875,2.5,5.5,3.0],"rotation":0,"texture":"#0","tintindex":0},"south":{"uv":[2.75,5.5,2.375,6.0],"rotation":0,"texture":"#0","tintindex":0},"north":{"uv":[2.25,5.5,1.875,6.0],"rotation":0,"texture":"#0","tintindex":0},"west":{"uv":[5.875,1.875,5.5,2.375],"rotation":0,"texture":"#0","tintindex":0},"up":{"uv":[6.0,2.75,6.375,2.375],"rotation":0,"texture":"#0","tintindex":0},"down":{"uv":[2.875,6.0,3.25,6.375],"rotation":0,"texture":"#0","tintindex":0}}}],"display":{"head":{"translation":[0.0,-6.4,0.0],"scale":[4.0,4.0,4.0]}}}