{"textures":{"0":"modelengine:entity/pet_paladin"},"elements":[{"from":[6.465089,6.2927957,7.214286],"to":[8.179375,8.57851,8.928572],"rotation":{"angle":-22.5,"axis":"z","origin":[7.322232,7.4356527,8.071428]},"faces":{"east":{"uv":[11.0,9.0,11.75,10.0],"rotation":0,"texture":"#0","tintindex":0},"south":{"uv":[11.0,10.25,11.75,11.25],"rotation":0,"texture":"#0","tintindex":0},"north":{"uv":[11.0,7.75,11.75,8.75],"rotation":0,"texture":"#0","tintindex":0},"west":{"uv":[2.0,11.25,2.75,12.25],"rotation":0,"texture":"#0","tintindex":0},"up":{"uv":[12.75,4.75,12.0,4.0],"rotation":0,"texture":"#0","tintindex":0},"down":{"uv":[12.75,6.25,12.0,7.0],"rotation":0,"texture":"#0","tintindex":0}}},{"from":[6.1793747,7.1499386,6.928571],"to":[7.8936605,8.864224,9.214286],"rotation":{"angle":-22.5,"axis":"z","origin":[7.322232,7.4356527,8.071428]},"faces":{"east":{"uv":[11.5,0.0,12.5,0.75],"rotation":0,"texture":"#0","tintindex":0},"south":{"uv":[12.0,8.25,12.75,9.0],"rotation":0,"texture":"#0","tintindex":0},"north":{"uv":[12.0,7.25,12.75,8.0],"rotation":0,"texture":"#0","tintindex":0},"west":{"uv":[3.0,11.5,4.0,12.25],"rotation":0,"texture":"#0","tintindex":0},"up":{"uv":[11.75,12.5,11.0,11.5],"rotation":0,"texture":"#0","tintindex":0},"down":{"uv":[5.0,11.75,4.25,12.75],"rotation":0,"texture":"#0","tintindex":0}}},{"from":[6.1793747,6.0070815,6.928571],"to":[6.1793747,7.1499386,9.214286],"rotation":{"angle":-22.5,"axis":"z","origin":[7.322232,7.4356527,8.071428]},"faces":{"east":{"uv":[11.75,4.75,10.75,5.25],"rotation":0,"texture":"#0","tintindex":0},"south":{"uv":[6.25,11.75,6.25,12.25],"rotation":0,"texture":"#0","tintindex":0},"north":{"uv":[9.5,6.25,9.5,6.75],"rotation":0,"texture":"#0","tintindex":0},"west":{"uv":[10.75,4.75,11.75,5.25],"rotation":0,"texture":"#0","tintindex":0},"up":{"uv":[8.75,13.75,8.75,12.75],"rotation":0,"texture":"#0","tintindex":0},"down":{"uv":[9.0,12.75,9.0,13.75],"rotation":0,"texture":"#0","tintindex":0}}},{"from":[6.1793747,6.0070815,6.928571],"to":[7.322232,7.1499386,6.928571],"rotation":{"angle":-22.5,"axis":"z","origin":[7.322232,7.4356527,8.071428]},"faces":{"east":{"uv":[9.25,12.75,9.25,13.25],"rotation":0,"texture":"#0","tintindex":0},"south":{"uv":[6.75,12.5,6.25,13.0],"rotation":0,"texture":"#0","tintindex":0},"north":{"uv":[6.25,12.5,6.75,13.0],"rotation":0,"texture":"#0","tintindex":0},"west":{"uv":[9.5,12.75,9.5,13.25],"rotation":0,"texture":"#0","tintindex":0},"up":{"uv":[10.0,2.0,9.5,2.0],"rotation":0,"texture":"#0","tintindex":0},"down":{"uv":[10.75,2.0,10.25,2.0],"rotation":0,"texture":"#0","tintindex":0}}},{"from":[6.1793747,6.0070815,9.214286],"to":[7.322232,7.1499386,9.214286],"rotation":{"angle":-22.5,"axis":"z","origin":[7.322232,7.4356527,8.071428]},"faces":{"east":{"uv":[9.75,12.75,9.75,13.25],"rotation":0,"texture":"#0","tintindex":0},"south":{"uv":[5.25,12.75,5.75,13.25],"rotation":0,"texture":"#0","tintindex":0},"north":{"uv":[5.75,12.75,5.25,13.25],"rotation":0,"texture":"#0","tintindex":0},"west":{"uv":[10.0,12.75,10.0,13.25],"rotation":0,"texture":"#0","tintindex":0},"up":{"uv":[1.75,10.75,1.25,10.75],"rotation":0,"texture":"#0","tintindex":0},"down":{"uv":[12.0,1.0,11.5,1.0],"rotation":0,"texture":"#0","tintindex":0}}},{"from":[3.8936605,7.1499386,8.071428],"to":[7.322232,10.007082,8.071428],"rotation":{"angle":-22.5,"axis":"z","origin":[7.322232,7.4356527,8.071428]},"faces":{"east":{"uv":[13.0,6.75,13.0,8.0],"rotation":0,"texture":"#0","tintindex":0},"south":{"uv":[9.25,4.0,7.75,5.25],"rotation":0,"texture":"#0","tintindex":0},"north":{"uv":[7.75,4.0,9.25,5.25],"rotation":0,"texture":"#0","tintindex":0},"west":{"uv":[13.0,8.25,13.0,9.5],"rotation":0,"texture":"#0","tintindex":0},"up":{"uv":[14.5,9.75,13.0,9.75],"rotation":0,"texture":"#0","tintindex":0},"down":{"uv":[14.5,10.0,13.0,10.0],"rotation":0,"texture":"#0","tintindex":0}}}],"display":{"head":{"translation":[0.0,-6.4,0.0],"scale":[4.0,4.0,4.0]}}}