{"textures":{"1":"modelengine:entity/bear_brown_honey"},"elements":[{"from":[3.802857,4.386832,1.3491426],"to":[12.197144,11.489689,8.452],"rotation":{"angle":0.0,"axis":"y","origin":[8.0,8.338292,2.640571]},"faces":{"east":{"uv":[1.75,7.75,3.125,9.125],"rotation":0,"texture":"#1","tintindex":0},"south":{"uv":[7.125,3.875,8.75,5.25],"rotation":0,"texture":"#1","tintindex":0},"north":{"uv":[6.5,6.125,8.125,7.5],"rotation":0,"texture":"#1","tintindex":0},"west":{"uv":[3.25,7.75,4.625,9.125],"rotation":0,"texture":"#1","tintindex":0},"up":{"uv":[9.125,1.375,7.5,0.0],"rotation":0,"texture":"#1","tintindex":0},"down":{"uv":[8.125,7.625,6.5,9.0],"rotation":0,"texture":"#1","tintindex":0}}},{"from":[5.0942855,5.6944036,-1.233715],"to":[10.905714,8.277261,1.9948568],"rotation":{"angle":0.0,"axis":"y","origin":[8.0,8.338292,2.640571]},"faces":{"east":{"uv":[10.375,6.125,11.0,6.625],"rotation":0,"texture":"#1","tintindex":0},"south":{"uv":[6.75,10.25,7.875,10.75],"rotation":0,"texture":"#1","tintindex":0},"north":{"uv":[10.125,2.0,11.25,2.5],"rotation":0,"texture":"#1","tintindex":0},"west":{"uv":[10.375,6.75,11.0,7.25],"rotation":0,"texture":"#1","tintindex":0},"up":{"uv":[10.5,8.0,9.375,7.375],"rotation":0,"texture":"#1","tintindex":0},"down":{"uv":[10.5,8.125,9.375,8.75],"rotation":0,"texture":"#1","tintindex":0}}},{"from":[2.7087083,10.336466,3.9319997],"to":[5.93728,12.919324,4.577714],"rotation":{"angle":0.0,"axis":"y","origin":[8.0,8.338292,2.640571]},"faces":{"east":{"uv":[2.375,4.25,2.5,4.75],"rotation":0,"texture":"#1","tintindex":0},"south":{"uv":[10.625,7.375,11.25,7.875],"rotation":0,"texture":"#1","tintindex":0},"north":{"uv":[0.0,10.5,0.625,11.0],"rotation":0,"texture":"#1","tintindex":0},"west":{"uv":[2.375,4.875,2.5,5.375],"rotation":0,"texture":"#1","tintindex":0},"up":{"uv":[9.625,2.75,9.0,2.625],"rotation":0,"texture":"#1","tintindex":0},"down":{"uv":[11.25,8.625,10.625,8.75],"rotation":0,"texture":"#1","tintindex":0}}},{"from":[10.062719,10.336466,3.9319997],"to":[13.291292,12.919324,4.577714],"rotation":{"angle":0.0,"axis":"y","origin":[8.0,8.338292,2.640571]},"faces":{"east":{"uv":[1.75,6.25,1.875,6.75],"rotation":0,"texture":"#1","tintindex":0},"south":{"uv":[9.75,10.75,10.375,11.25],"rotation":0,"texture":"#1","tintindex":0},"north":{"uv":[10.625,8.0,11.25,8.5],"rotation":0,"texture":"#1","tintindex":0},"west":{"uv":[2.0,6.25,2.125,6.75],"rotation":0,"texture":"#1","tintindex":0},"up":{"uv":[11.625,3.875,11.0,3.75],"rotation":0,"texture":"#1","tintindex":0},"down":{"uv":[11.625,4.0,11.0,4.125],"rotation":0,"texture":"#1","tintindex":0}}}],"display":{"head":{"translation":[0.0,-6.4,0.0],"scale":[4.0,4.0,4.0]}}}