{"textures":{"0":"modelengine:entity/bear_brown"},"elements":[{"from":[5.621619,0.17595434,4.9004183],"to":[10.7873335,4.6959543,9.420419],"rotation":{"angle":-22.5,"axis":"x","origin":[13.999762,7.6132526,-1.9675426]},"faces":{"east":{"uv":[9.25,9.25,10.125,10.125],"rotation":0,"texture":"#0","tintindex":0},"south":{"uv":[1.125,9.25,2.125,10.125],"rotation":0,"texture":"#0","tintindex":0},"north":{"uv":[1.125,9.25,2.125,10.125],"rotation":0,"texture":"#0","tintindex":0},"west":{"uv":[9.25,9.25,10.125,10.125],"rotation":0,"texture":"#0","tintindex":0},"up":{"uv":[4.375,10.125,3.375,9.25],"rotation":0,"texture":"#0","tintindex":0},"down":{"uv":[9.125,9.25,8.125,10.125],"rotation":0,"texture":"#0","tintindex":0}}}],"display":{"head":{"translation":[0.0,-6.4,0.0],"scale":[4.0,4.0,4.0]}}}