{"textures":{"0":"modelengine:entity/pet_ninja_samurai"},"elements":[{"from":[5.4142857,6.021197,5.7472525],"to":[10.557143,11.164054,10.89011],"rotation":{"angle":0.0,"axis":"y","origin":[10.1285715,7.164054,10.318682]},"faces":{"east":{"uv":[4.125,4.0,5.25,5.125],"rotation":0,"texture":"#0","tintindex":0},"south":{"uv":[4.625,0.0,5.75,1.125],"rotation":0,"texture":"#0","tintindex":0},"north":{"uv":[4.125,2.75,5.25,3.875],"rotation":0,"texture":"#0","tintindex":0},"west":{"uv":[4.625,1.25,5.75,2.375],"rotation":0,"texture":"#0","tintindex":0},"up":{"uv":[1.125,6.375,0.0,5.25],"rotation":0,"texture":"#0","tintindex":0},"down":{"uv":[5.25,5.25,4.125,6.375],"rotation":0,"texture":"#0","tintindex":0}}},{"from":[10.842857,5.735482,5.4615383],"to":[10.842857,11.449768,11.175824],"rotation":{"angle":0.0,"axis":"y","origin":[10.1285715,7.164054,10.318682]},"faces":{"east":{"uv":[1.875,0.0,3.125,1.25],"rotation":0,"texture":"#0","tintindex":0},"south":{"uv":[5.625,7.75,5.625,9.0],"rotation":0,"texture":"#0","tintindex":0},"north":{"uv":[5.5,7.75,5.5,9.0],"rotation":0,"texture":"#0","tintindex":0},"west":{"uv":[1.875,1.375,3.125,2.625],"rotation":0,"texture":"#0","tintindex":0},"up":{"uv":[2.75,9.125,2.75,7.875],"rotation":0,"texture":"#0","tintindex":0},"down":{"uv":[2.875,7.875,2.875,9.125],"rotation":0,"texture":"#0","tintindex":0}}},{"from":[5.1285715,5.735482,5.4615383],"to":[5.1285715,11.449768,11.175824],"rotation":{"angle":0.0,"axis":"y","origin":[5.842857,7.164054,10.318682]},"faces":{"east":{"uv":[1.375,4.125,2.625,5.375],"rotation":0,"texture":"#0","tintindex":0},"south":{"uv":[3.125,8.0,3.125,9.25],"rotation":0,"texture":"#0","tintindex":0},"north":{"uv":[3.0,8.0,3.0,9.25],"rotation":0,"texture":"#0","tintindex":0},"west":{"uv":[2.75,4.125,4.0,5.375],"rotation":0,"texture":"#0","tintindex":0},"up":{"uv":[4.625,9.25,4.625,8.0],"rotation":0,"texture":"#0","tintindex":0},"down":{"uv":[4.75,8.0,4.75,9.25],"rotation":0,"texture":"#0","tintindex":0}}},{"from":[5.1285715,5.735482,5.4615383],"to":[10.842857,11.449768,5.4615383],"rotation":{"angle":0.0,"axis":"y","origin":[9.7,7.164054,10.318682]},"faces":{"east":{"uv":[5.75,7.875,5.75,9.125],"rotation":0,"texture":"#0","tintindex":0},"south":{"uv":[1.375,2.75,2.625,4.0],"rotation":0,"texture":"#0","tintindex":0},"north":{"uv":[0.0,2.5,1.25,3.75],"rotation":0,"texture":"#0","tintindex":0},"west":{"uv":[5.875,7.875,5.875,9.125],"rotation":0,"texture":"#0","tintindex":0},"up":{"uv":[8.875,7.25,7.625,7.25],"rotation":0,"texture":"#0","tintindex":0},"down":{"uv":[9.125,4.125,7.875,4.125],"rotation":0,"texture":"#0","tintindex":0}}},{"from":[3.985714,9.164054,6.032967],"to":[11.985714,14.306911,6.032967],"rotation":{"angle":0.0,"axis":"y","origin":[9.7,7.164054,10.318682]},"faces":{"east":{"uv":[0.125,8.125,0.125,9.25],"rotation":0,"texture":"#0","tintindex":0},"south":{"uv":[0.0,1.25,1.75,2.375],"rotation":0,"texture":"#0","tintindex":0},"north":{"uv":[0.0,0.0,1.75,1.125],"rotation":0,"texture":"#0","tintindex":0},"west":{"uv":[0.25,8.125,0.25,9.25],"rotation":0,"texture":"#0","tintindex":0},"up":{"uv":[9.875,0.125,8.125,0.125],"rotation":0,"texture":"#0","tintindex":0},"down":{"uv":[9.875,0.25,8.125,0.25],"rotation":0,"texture":"#0","tintindex":0}}},{"from":[5.1285715,5.735482,11.175824],"to":[10.842857,11.449768,11.175824],"rotation":{"angle":0.0,"axis":"y","origin":[9.7,7.164054,6.4615383]},"faces":{"east":{"uv":[6.0,7.875,6.0,9.125],"rotation":0,"texture":"#0","tintindex":0},"south":{"uv":[3.25,0.0,4.5,1.25],"rotation":0,"texture":"#0","tintindex":0},"north":{"uv":[2.75,2.75,4.0,4.0],"rotation":0,"texture":"#0","tintindex":0},"west":{"uv":[6.125,7.875,6.125,9.125],"rotation":0,"texture":"#0","tintindex":0},"up":{"uv":[9.125,4.25,7.875,4.25],"rotation":0,"texture":"#0","tintindex":0},"down":{"uv":[9.125,4.375,7.875,4.375],"rotation":0,"texture":"#0","tintindex":0}}},{"from":[7.3472476,5.1205564,11.175824],"to":[8.490105,11.977699,11.747253],"rotation":{"angle":-22.5,"axis":"z","origin":[8.204391,8.549128,11.461538]},"faces":{"east":{"uv":[2.25,6.875,2.375,8.375],"rotation":0,"texture":"#0","tintindex":0},"south":{"uv":[6.25,0.875,6.5,2.375],"rotation":0,"texture":"#0","tintindex":0},"north":{"uv":[6.5,0.875,6.25,2.375],"rotation":0,"texture":"#0","tintindex":0},"west":{"uv":[2.5,6.875,2.625,8.375],"rotation":0,"texture":"#0","tintindex":0},"up":{"uv":[6.875,7.875,6.625,7.75],"rotation":0,"texture":"#0","tintindex":0},"down":{"uv":[8.125,3.875,7.875,4.0],"rotation":0,"texture":"#0","tintindex":0}}},{"from":[7.2620487,5.3618774,11.161539],"to":[8.404906,12.219021,11.732967],"rotation":{"angle":22.5,"axis":"z","origin":[7.9763346,8.790449,11.447253]},"faces":{"east":{"uv":[2.625,6.875,2.5,8.375],"rotation":0,"texture":"#0","tintindex":0},"south":{"uv":[6.5,0.875,6.25,2.375],"rotation":0,"texture":"#0","tintindex":0},"north":{"uv":[6.25,0.875,6.5,2.375],"rotation":0,"texture":"#0","tintindex":0},"west":{"uv":[2.375,6.875,2.25,8.375],"rotation":0,"texture":"#0","tintindex":0},"up":{"uv":[6.625,7.875,6.875,7.75],"rotation":0,"texture":"#0","tintindex":0},"down":{"uv":[7.875,3.875,8.125,4.0],"rotation":0,"texture":"#0","tintindex":0}}},{"from":[8.504678,11.804304,10.604396],"to":[10.218964,12.375733,12.318682],"rotation":{"angle":-22.5,"axis":"z","origin":[9.36182,12.090019,11.461538]},"faces":{"east":{"uv":[4.625,2.5,5.0,2.625],"rotation":0,"texture":"#0","tintindex":0},"south":{"uv":[7.75,1.625,8.125,1.75],"rotation":0,"texture":"#0","tintindex":0},"north":{"uv":[1.375,2.5,1.75,2.625],"rotation":0,"texture":"#0","tintindex":0},"west":{"uv":[7.75,3.375,8.125,3.5],"rotation":0,"texture":"#0","tintindex":0},"up":{"uv":[8.0,2.75,7.625,2.375],"rotation":0,"texture":"#0","tintindex":0},"down":{"uv":[8.0,2.875,7.625,3.25],"rotation":0,"texture":"#0","tintindex":0}}},{"from":[7.4901047,12.549128,11.032968],"to":[8.347248,14.263414,11.89011],"rotation":{"angle":-22.5,"axis":"z","origin":[8.204391,8.549128,11.461538]},"faces":{"east":{"uv":[7.625,5.375,7.875,5.75],"rotation":0,"texture":"#0","tintindex":0},"south":{"uv":[7.625,5.875,7.875,6.25],"rotation":0,"texture":"#0","tintindex":0},"north":{"uv":[4.25,7.625,4.5,8.0],"rotation":0,"texture":"#0","tintindex":0},"west":{"uv":[7.625,6.375,7.875,6.75],"rotation":0,"texture":"#0","tintindex":0},"up":{"uv":[8.0,1.125,7.75,0.875],"rotation":0,"texture":"#0","tintindex":0},"down":{"uv":[8.0,1.25,7.75,1.5],"rotation":0,"texture":"#0","tintindex":0}}},{"from":[5.1285715,11.449768,5.4615383],"to":[10.842857,11.449768,11.175824],"rotation":{"angle":0.0,"axis":"y","origin":[9.7,7.164054,6.4615383]},"faces":{"east":{"uv":[7.875,4.625,9.125,4.625],"rotation":0,"texture":"#0","tintindex":0},"south":{"uv":[7.875,4.75,9.125,4.75],"rotation":0,"texture":"#0","tintindex":0},"north":{"uv":[7.875,4.5,9.125,4.5],"rotation":0,"texture":"#0","tintindex":0},"west":{"uv":[7.0,7.875,8.25,7.875],"rotation":0,"texture":"#0","tintindex":0},"up":{"uv":[4.5,2.625,3.25,1.375],"rotation":0,"texture":"#0","tintindex":0},"down":{"uv":[1.25,3.875,0.0,5.125],"rotation":0,"texture":"#0","tintindex":0}}}],"display":{"head":{"translation":[0.0,-6.4,0.0],"scale":[4.0,4.0,4.0]}}}