{"textures":{"0":"modelengine:entity/pet_ninja_samurai"},"elements":[{"from":[7.955277,6.99159,-0.666667],"to":[7.955277,8.9915905,6.190476],"rotation":{"angle":-22.5,"axis":"z","origin":[8.098134,8.420161,8.190476]},"faces":{"east":{"uv":[5.375,4.5,6.875,5.0],"rotation":0,"texture":"#0","tintindex":0},"south":{"uv":[0.5,8.125,0.5,8.625],"rotation":0,"texture":"#0","tintindex":0},"north":{"uv":[0.375,8.125,0.375,8.625],"rotation":0,"texture":"#0","tintindex":0},"west":{"uv":[5.375,5.125,6.875,5.625],"rotation":0,"texture":"#0","tintindex":0},"up":{"uv":[0.625,9.625,0.625,8.125],"rotation":0,"texture":"#0","tintindex":0},"down":{"uv":[0.75,8.125,0.75,9.625],"rotation":0,"texture":"#0","tintindex":0}}},{"from":[6.9450016,7.2217393,6.190476],"to":[8.659287,8.936025,6.7619047],"rotation":{"angle":22.5,"axis":"z","origin":[7.802144,8.078882,6.4761906]},"faces":{"east":{"uv":[8.125,3.75,7.75,3.625],"rotation":90,"texture":"#0","tintindex":0},"south":{"uv":[3.75,7.625,4.125,8.0],"rotation":90,"texture":"#0","tintindex":0},"north":{"uv":[3.25,7.625,3.625,8.0],"rotation":270,"texture":"#0","tintindex":0},"west":{"uv":[5.0,7.75,4.625,7.875],"rotation":90,"texture":"#0","tintindex":0},"up":{"uv":[2.75,7.375,2.875,7.75],"rotation":90,"texture":"#0","tintindex":0},"down":{"uv":[2.75,6.875,2.875,7.25],"rotation":90,"texture":"#0","tintindex":0}}},{"from":[7.5267057,7.563019,6.7619047],"to":[8.383848,8.420161,9.619047],"rotation":{"angle":-22.5,"axis":"z","origin":[8.098134,8.420161,8.190476]},"faces":{"east":{"uv":[6.875,0.5,7.5,0.75],"rotation":0,"texture":"#0","tintindex":0},"south":{"uv":[7.625,6.875,7.875,7.125],"rotation":0,"texture":"#0","tintindex":0},"north":{"uv":[7.625,0.5,7.875,0.75],"rotation":0,"texture":"#0","tintindex":0},"west":{"uv":[6.875,3.0,7.5,3.25],"rotation":0,"texture":"#0","tintindex":0},"up":{"uv":[7.125,4.0,6.875,3.375],"rotation":0,"texture":"#0","tintindex":0},"down":{"uv":[7.25,4.125,7.0,4.75],"rotation":0,"texture":"#0","tintindex":0}}}],"display":{"head":{"translation":[0.0,-6.4,0.0],"scale":[4.0,4.0,4.0]}}}